<?xml version="1.0"?><!DOCTYPE pdf PUBLIC "-//big.faceless.org//report" "report-1.1.dtd">

<pdf>
<head>
	<link name="NotoSans" type="font" subtype="truetype" src="${nsfont.NotoSans_Regular}" src-bold="${nsfont.NotoSans_Bold}" src-italic="${nsfont.NotoSans_Italic}" src-bolditalic="${nsfont.NotoSans_BoldItalic}" bytes="2" />
	<#if .locale == "zh_CN">
		<link name="NotoSansCJKsc" type="font" subtype="opentype" src="${nsfont.NotoSansCJKsc_Regular}" src-bold="${nsfont.NotoSansCJKsc_Bold}" bytes="2" />
	<#elseif .locale == "zh_TW">
		<link name="NotoSansCJKtc" type="font" subtype="opentype" src="${nsfont.NotoSansCJKtc_Regular}" src-bold="${nsfont.NotoSansCJKtc_Bold}" bytes="2" />
	<#elseif .locale == "ja_JP">
		<link name="NotoSansCJKjp" type="font" subtype="opentype" src="${nsfont.NotoSansCJKjp_Regular}" src-bold="${nsfont.NotoSansCJKjp_Bold}" bytes="2" />
	<#elseif .locale == "ko_KR">
		<link name="NotoSansCJKkr" type="font" subtype="opentype" src="${nsfont.NotoSansCJKkr_Regular}" src-bold="${nsfont.NotoSansCJKkr_Bold}" bytes="2" />
	<#elseif .locale == "th_TH">
		<link name="NotoSansThai" type="font" subtype="opentype" src="${nsfont.NotoSansThai_Regular}" src-bold="${nsfont.NotoSansThai_Bold}" bytes="2" />
	</#if>
    <macrolist>
        <macro id="nlheader">
    <table style="width: 100%; font-size: 10pt;" border="0"><tr>
    <td rowspan="3" style="padding: 0;" width="30%" border="0"> 
    <!-- <img src="https://3619984-sb2.app.netsuite.com/core/media/media.nl?id=4058&amp;c=3619984_SB2&amp;h=724c857f2d8375b1fe62" style="float: left; margin: 7px; height: 70px; width: 150px;" /> -->
    <img src="${JSON.logoUrl}" style="border: 0px solid #000000;float: left; margin: 7px; height: 70px; width: 200px;" /> 

    <div style="border: 1px solid #000000; width: 200px; height: 100%;padding: -10px 4px;">
       <!--  <span style="font-size: 8pt;margin:auto;"> 
        Altice - Suddenlink <br/>
        Peter McGrath <br/>
        C/O GroupM <br/>
        825 7th Avenue <br/>
        New York, NY 10019
        </span> -->
          <span style="font-size: 8pt;margin:auto;"> 
         ${JSON.billaddress}
        </span>
        
    
    </div><!-- <#if companyInformation.logoUrl?length != 0><img src="${companyInformation.logoUrl}" style="float: left; margin: 7px" /> </#if> ${companyInformation.companyName}<br />${companyInformation.addressText} --></td>
	<td align="center" style="padding: 0;" width="40%" border="0">
	<span style="font-size: 9pt;"> 
	<br/><br/><br/><br/><br/><br/>
	<table border="0" width="100%" >
	<tr style="">
	<td  style="font-size: 8pt;"><b>Please send payments to:</b></td>
	</tr>
	<tr style="line-height:2px;">
	<td align="left" style="font-size: 8pt;">Novus Media LLC</td>
	<td>&nbsp;&nbsp;</td>
	<td align="left" style="font-size: 8pt;">ABA# 021-000089</td>
	</tr>
	<tr style="line-height:2px;">
	<td align="left" style="font-size: 8pt;">Mail Code:11137, PO Box 70280</td>
	<td>&nbsp;&nbsp;</td>
	<td align="left" style="font-size: 8pt;">Acct# 6780829588</td>
	</tr>
	<tr style="line-height:2px;">
	<td align="left" style="font-size: 8pt;">Philadelphia, PA 19176-0280</td>
	<td>&nbsp;&nbsp;</td>
	<td align="left" style="font-size: 8pt;">Swift Code: CITIUS33</td>
	</tr>
	<tr style="line-height:2px;">
	<td align="left" style="font-size: 8pt;">remittace@novusmediainc.com</td>
	<td>&nbsp;&nbsp;</td>
	<td align="left" style="font-size: 8pt;"></td>
	</tr>
	</table>
	</span>
	</td>
	<td align="right" width="30%" style="padding: 0;"><span style="font-size: 9pt;font-weight: bold;text-align:right;"> 
	<table style="font-size: 10pt;">
	<tr><td align="right"><b>&nbsp;</b></td></tr>
	<tr><td align="right"><b>CI # ${JSON.ciNumber} </b></td></tr>
	<tr><td align="right"><b>Invoice Date ${JSON.trandate}  </b></td></tr>
	<tr><td align="right"><b>Due Date ${JSON.duedate}  </b></td></tr>
	<tr><td align="right"><b>Terms ${JSON.terms} </b></td></tr>
	<tr><td align="right"><p style="text-align:right;font-size: 8pt;margin-right: 5px;">Page <pagenumber/> of <totalpages/></p> </td></tr>
	<!--  <tr><td align="right">&nbsp; &nbsp; Page <pagenumber/> of <totalpages/></td></tr>-->
	</table> 
	</span> 
	<!--  <br/><b>Invoice #NMED-0000086997 </b> 
	<br />Invoice Date 12/5/2019 
	<br />Due Date 12/5/2019 
	<br />Terms Net 30</span> 
	<br/> Page <pagenumber/> of <totalpages/> -->
	<br/>
	<br />
	<br />
	<br />
	<br/> 
	</td>
	</tr>
	<tr>
	<td align="right" style="padding: 0;"><span style="font-size: 16pt;"><!--#${record.tranid}--></span></td>
	</tr>
	<tr>
	 <td align="right" style="padding: 0;"><!--<pagenumber/> of <totalpages/> ${record.trandate} --></td>  -->
	</tr></table>
        </macro>
        <macro id="nlfooter">
            <table style="width: 100%; font-size: 8pt;"><tr>
	<!-- <td style="padding: 0;"><barcode codetype="code128" showtext="true" value="${record.tranid}"/></td> -->
	<td><b> Late Payment Fee. Any amount not paid when due will be subject to a late payment fee computed daily at a rate equal to one and one-half percent (1.5%) per month or the highest rate
permissible under applicable usury law. </b></td>
	</tr></table>
        </macro>
    </macrolist>
    <style type="text/css">* {
		<#if .locale == "zh_CN">
			font-family: Tahoma,sans-serif;
		<#elseif .locale == "zh_TW">
			font-family: Tahoma,sans-serif;
		<#elseif .locale == "ja_JP">
			font-family: Tahoma,sans-serif;
		<#elseif .locale == "ko_KR">
			font-family: Tahoma,sans-serif;
		<#elseif .locale == "th_TH">
			font-family: Tahoma,sans-serif;
		<#else>
			font-family: Tahoma,sans-serif;
		</#if>
		}
		table {
			font-size: 7pt;
			table-layout: auto;
		}
        th {
            font-weight: bold;
            font-size: 7pt;
            padding: 5px 4px 3px;
            /*padding-top: 5px;
            padding-right: 6px;
            padding-bottom: 3px;*/
            vertical-align: middle;
            text-align:center;
            background-color: #ffffff /*#e3e3e3*/;
            color: #333333;
        }
        td {
            padding: 4px 4px;
            /*padding-top: 4px;
            padding-right: 6px;*/
        }
        td.fitwidth {
            width: 1px;
            white-space: nowrap;
        }
		td p { align:left }
</style>
</head>

<body font-size="10" header="nlheader" header-height="25%" footer="nlfooter" footer-height="7%" padding="0.1in 0.2in 0.2in 0.2in" size="Letter-landscape"> <!-- Letter-landscape  <h3>Consolidated Invoice PDF</h3> -->
<#assign mediacostBoolean='F'>
<#assign feeBoolean='F'>

<table style="border: 0px solid black;width: 100%">
<tr>
 <#assign headercount = 0> 
 <#list JSON_TITLEHEADER.oData as lineHeader>
     <#if lineHeader?string!=''>
          <!-- <td style="text-align:left;font-weight: bold;font-size: 8pt;width:1px;white-space:nowrap;"><p>${lineHeader}</p></td> -->
          <td style="text-align:left;font-weight: bold;font-size: 8pt;word-wrap: break-word"><p>${lineHeader}</p></td>
          <#assign headercount = headercount + 1> 
     </#if>

 </#list>
</tr>

<#assign mediacostTotal=0>
<#assign feeTotal=0>

 <#list JSON.oData as lineRows>
 <#assign i = 1> 
 <tr>
  <#list JSON_TITLEHEADER.oData as lineHeader>    
  <#if lineHeader?string!=''>
   
     <#assign valAmt=lineRows['custrecord_appf_pdf_iofield'+i]>	 
     <#if valAmt=='.00'>
     <#assign valAmt='$0.00'>
    </#if>

   <#if lineHeader?string?trim == 'Media Cost'  >
  <#assign mediacostBoolean='T'>

  <#assign medcost = lineRows['custrecord_appf_pdf_iofield'+i]>
  <#assign medcost =medcost?replace(',', '', 'r')>
  <#assign medcost =medcost?replace('$', '')>
    <#assign medcost =medcost?replace(')', '')>
	<#if medcost?contains("(")>
   <#assign medcost =medcost?replace('(', '')?number*-1>
  </#if>
  
  <#assign mediacostTotal=mediacostTotal+medcost?number>
  </#if>
    <#if lineHeader?string?trim== 'Fee' >
	<#assign feeBoolean='T'>
	<#assign fees = lineRows['custrecord_appf_pdf_iofield'+i]>
  <#assign fees =fees?replace(',', '', 'r')>
  <#assign fees =fees?replace('$', '')>
   <#assign fees =fees?replace(')', '')>
  <#if fees?contains("(")>
   <#assign fees =fees?replace('(', '')?number*-1>
  </#if>

  <#assign feeTotal=feeTotal+fees?number>
  </#if>
  
<td class="fitwidth">${valAmt} </td>
 
  </#if>
  <#assign i = i + 1> 
  
  
 </#list>
 </tr>
 </#list>
 <tr>
 <#assign rowSumColumn = 0> 
 <#list JSON.oSum as lineTotals>
     <#if lineTotals?string!=''>
         <#assign rowSumColumn = rowSumColumn + 1>
     </#if>

 </#list>
 <#assign cols = headercount - rowSumColumn - 1 > 
 <td align="center" colspan="${cols}" style="text-align:right;font-weight: bold;font-size: 8pt;"></td>
 <td align="left"  style="text-align:left;font-weight: bold;font-size: 8pt;"></td>
 </tr>
 
 <tr>
 <td align="center" colspan="${cols}" style="text-align:right;font-weight: bold;font-size: 8pt;"></td>
 <td align="right"  style="text-align:left;font-weight: bold;font-size: 8pt;">&nbsp;</td>
 <td style="text-align:left;font-weight: bold;font-size: 8pt;">&nbsp;</td>
</tr>
  <tr>
 <td align="center" colspan="${cols}" style="text-align:right;font-weight: bold;font-size: 8pt;"></td>
 <td align="right"  style="text-align:left;font-weight: bold;font-size: 8pt;">&nbsp;</td>
 <td style="text-align:left;font-weight: bold;font-size: 8pt;">&nbsp;</td>
</tr>
 
 
</table>

<table style="border: 0px solid black;width: 100%;padding-left:760px;" align='right'>

 <#if mediacostBoolean == 'T'>
  <tr>
  <td align="right" style="font-weight: bold;font-size: 8pt; ">Media Cost Subtotal</td>
 <td align="left" style="text-align:left;font-weight: bold;font-size: 8pt;">${mediacostTotal?string.currency}</td>
</tr>
</#if>

<#if feeBoolean == 'T'>

   <tr>
 <td  align="right" style="text-align:left;font-weight: bold;font-size: 8pt;">Fee Subtotal</td>
 <td align="left"  style="text-align:left;font-weight: bold;font-size: 8pt;">${feeTotal?string.currency}</td>

</tr>
 </#if>
 
 <tr>
 <td align="right"  style="text-align:left;font-weight: bold;font-size: 8pt;">Invoice Subtotal</td>
 <td align="left" style="text-align:left;font-weight: bold;font-size: 8pt;">${JSON.subtotal}</td>
</tr>
 
 <tr>
 <td align="right"  style="text-align:left;font-weight: bold;font-size: 8pt;">Amount Due</td>
 <td align="left" style="text-align:left;font-weight: bold;font-size: 8pt;">${JSON.amountdue}</td>
</tr>


</table>

</body></pdf>