Record ID, Client ID, Client Name, Date, Buying System, Buying System Name, (Client Contract)Prop Required
1018873,543284,cu_0000165 OMG NA - OMD Canada : McDonald's Canada,11/3/2020,2,OOH,null
1018973,543284,cu_0000165 OMG NA - OMD Canada : McDonald's Canada,11/4/2020,2,OOH,null
1048713,543731,cu_0000647 Zenith Media : Kohl's Corporation,11/5/2020,1,Print,null
1048723,543119,cu_0000120 Bed Bath & Beyond Canada,11/5/2020,1,Print,null
1048733,543731,cu_0000647 Zenith Media : Kohl's Corporation,11/5/2020,1,Print,null
1048743,543119,cu_0000120 Bed Bath & Beyond Canada,11/5/2020,1,Print,null
1048753,543119,cu_0000120 Bed Bath & Beyond Canada,11/5/2020,1,Print,null
1048763,543731,cu_0000647 Zenith Media : Kohl's Corporation,11/5/2020,1,Print,null
1048773,543731,cu_0000647 Zenith Media : Kohl's Corporation,11/5/2020,1,Print,null
1048783,543731,cu_0000647 Zenith Media : Kohl's Corporation,11/5/2020,1,Print,null
1048793,543270,cu_0000335 Dell; Inc -,11/5/2020,1,Print,null
1048803,543261,cu_0000301 Christmas Tree Shops; Inc.,11/5/2020,1,Print,null
1048813,543119,cu_0000120 Bed Bath & Beyond Canada,11/5/2020,1,Print,null
1048823,543731,cu_0000647 Zenith Media : Kohl's Corporation,11/5/2020,1,Print,null
1048833,543119,cu_0000120 Bed Bath & Beyond Canada,11/5/2020,1,Print,null
1048843,543731,cu_0000647 Zenith Media : Kohl's Corporation,11/5/2020,1,Print,null
1048853,543731,cu_0000647 Zenith Media : Kohl's Corporation,11/5/2020,1,Print,null
1048863,543731,cu_0000647 Zenith Media : Kohl's Corporation,11/5/2020,1,Print,null
1048873,543731,cu_0000647 Zenith Media : Kohl's Corporation,11/5/2020,1,Print,null
1048883,543270,cu_0000335 Dell; Inc -,11/5/2020,1,Print,null
1048893,543261,cu_0000301 Christmas Tree Shops; Inc.,11/5/2020,1,Print,null
1048903,543417,cu_0000408 Valassis Communications Inc. : VCI - Aetna,11/5/2020,1,Print,null
1048913,543119,cu_0000120 Bed Bath & Beyond Canada,11/5/2020,1,Print,null
1048923,543119,cu_0000120 Bed Bath & Beyond Canada,11/5/2020,1,Print,null
1048933,543731,cu_0000647 Zenith Media : Kohl's Corporation,11/5/2020,1,Print,null
1048943,543731,cu_0000647 Zenith Media : Kohl's Corporation,11/5/2020,1,Print,null
1048953,543731,cu_0000647 Zenith Media : Kohl's Corporation,11/5/2020,1,Print,null
1048963,543731,cu_0000647 Zenith Media : Kohl's Corporation,11/5/2020,1,Print,null
1048973,543270,cu_0000335 Dell; Inc -,11/5/2020,1,Print,null
1048983,543261,cu_0000301 Christmas Tree Shops; Inc.,11/5/2020,1,Print,null
1048993,543704,cu_0000496 Fleet Farm,11/5/2020,1,Print,null
1049003,543417,cu_0000408 Valassis Communications Inc. : VCI - Aetna,11/5/2020,1,Print,null
1049013,543731,cu_0000647 Zenith Media : Kohl's Corporation,11/5/2020,1,Print,null
1049023,543731,cu_0000647 Zenith Media : Kohl's Corporation,11/5/2020,1,Print,null
1049033,543270,cu_0000335 Dell; Inc -,11/5/2020,1,Print,null
1049043,543261,cu_0000301 Christmas Tree Shops; Inc.,11/5/2020,1,Print,null
1049053,543261,cu_0000301 Christmas Tree Shops; Inc.,11/5/2020,1,Print,null
1049063,543234,cu_0000211 Valassis Communications Inc. : VCI - Lowe's Supermarkets,11/5/2020,1,Print,null
1049073,543417,cu_0000408 Valassis Communications Inc. : VCI - Aetna,11/5/2020,1,Print,null
1049083,543417,cu_0000408 Valassis Communications Inc. : VCI - Aetna,11/5/2020,1,Print,null
1049093,543417,cu_0000408 Valassis Communications Inc. : VCI - Aetna,11/5/2020,1,Print,null
1049103,543417,cu_0000408 Valassis Communications Inc. : VCI - Aetna,11/5/2020,1,Print,null
1049113,543731,cu_0000647 Zenith Media : Kohl's Corporation,11/5/2020,1,Print,null
1049123,543270,cu_0000335 Dell; Inc -,11/5/2020,1,Print,null
1049133,543261,cu_0000301 Christmas Tree Shops; Inc.,11/5/2020,1,Print,null
1049143,543261,cu_0000301 Christmas Tree Shops; Inc.,11/5/2020,1,Print,null
1049153,543234,cu_0000211 Valassis Communications Inc. : VCI - Lowe's Supermarkets,11/5/2020,1,Print,null
1049163,543417,cu_0000408 Valassis Communications Inc. : VCI - Aetna,11/5/2020,1,Print,null
1049173,543417,cu_0000408 Valassis Communications Inc. : VCI - Aetna,11/5/2020,1,Print,null
1049183,543417,cu_0000408 Valassis Communications Inc. : VCI - Aetna,11/5/2020,1,Print,null
1049193,543417,cu_0000408 Valassis Communications Inc. : VCI - Aetna,11/5/2020,1,Print,null
1049203,543417,cu_0000408 Valassis Communications Inc. : VCI - Aetna,11/5/2020,1,Print,null
1049213,543261,cu_0000301 Christmas Tree Shops; Inc.,11/5/2020,1,Print,null
1049223,543261,cu_0000301 Christmas Tree Shops; Inc.,11/5/2020,1,Print,null
1049233,543234,cu_0000211 Valassis Communications Inc. : VCI - Lowe's Supermarkets,11/5/2020,1,Print,null
1049243,543417,cu_0000408 Valassis Communications Inc. : VCI - Aetna,11/5/2020,1,Print,null
1049253,543417,cu_0000408 Valassis Communications Inc. : VCI - Aetna,11/5/2020,1,Print,null
1049263,543417,cu_0000408 Valassis Communications Inc. : VCI - Aetna,11/5/2020,1,Print,null
1049273,543417,cu_0000408 Valassis Communications Inc. : VCI - Aetna,11/5/2020,1,Print,null
1049283,543417,cu_0000408 Valassis Communications Inc. : VCI - Aetna,11/5/2020,1,Print,null
1049293,543417,cu_0000408 Valassis Communications Inc. : VCI - Aetna,11/5/2020,1,Print,null
1049303,543417,cu_0000408 Valassis Communications Inc. : VCI - Aetna,11/5/2020,1,Print,null
1049313,543237,cu_0000220 American Signature; Inc.,11/5/2020,1,Print,null
1049323,543417,cu_0000408 Valassis Communications Inc. : VCI - Aetna,11/5/2020,1,Print,null
1049413,543417,cu_0000408 Valassis Communications Inc. : VCI - Aetna,11/5/2020,1,Print,null
1049423,543417,cu_0000408 Valassis Communications Inc. : VCI - Aetna,11/5/2020,1,Print,null
1049433,543417,cu_0000408 Valassis Communications Inc. : VCI - Aetna,11/5/2020,1,Print,null
1049443,543417,cu_0000408 Valassis Communications Inc. : VCI - Aetna,11/5/2020,1,Print,null
1049453,543417,cu_0000408 Valassis Communications Inc. : VCI - Aetna,11/5/2020,1,Print,null
1049463,543417,cu_0000408 Valassis Communications Inc. : VCI - Aetna,11/5/2020,1,Print,null
1049473,543417,cu_0000408 Valassis Communications Inc. : VCI - Aetna,11/5/2020,1,Print,null
1049483,543417,cu_0000408 Valassis Communications Inc. : VCI - Aetna,11/5/2020,1,Print,null
1049493,543417,cu_0000408 Valassis Communications Inc. : VCI - Aetna,11/5/2020,1,Print,null
1049513,543417,cu_0000408 Valassis Communications Inc. : VCI - Aetna,11/5/2020,1,Print,null
1049613,543417,cu_0000408 Valassis Communications Inc. : VCI - Aetna,11/5/2020,1,Print,null
1050013,543417,cu_0000408 Valassis Communications Inc. : VCI - Aetna,11/5/2020,1,Print,null
1050023,543737,cu_0000679 Valassis Communications Inc. : VCI - Orscheln Farm & Home,11/5/2020,1,Print,null
1050113,543417,cu_0000408 Valassis Communications Inc. : VCI - Aetna,11/5/2020,1,Print,null
1050123,543737,cu_0000679 Valassis Communications Inc. : VCI - Orscheln Farm & Home,11/5/2020,1,Print,null
1050213,543737,cu_0000679 Valassis Communications Inc. : VCI - Orscheln Farm & Home,11/5/2020,1,Print,null
1050223,543737,cu_0000679 Valassis Communications Inc. : VCI - Orscheln Farm & Home,11/5/2020,1,Print,null
1050313,543737,cu_0000679 Valassis Communications Inc. : VCI - Orscheln Farm & Home,11/5/2020,1,Print,null
1053313,543599,cu_0000464 OMG NA - OMD USA : Cigna Healthcare,11/5/2020,1,Print,null
1053513,543210,cu_0000144 White Star Media Inc / Ross Simons-Luca+Danni,11/5/2020,1,Print,null
1054413,543599,cu_0000464 OMG NA - OMD USA : Cigna Healthcare,11/5/2020,1,Print,null
1054613,543175,cu_0000318 Apex Exchange : TD Ameritrade Holding Corporation-,11/5/2020,1,Print,null
1060723,543599,cu_0000464 OMG NA - OMD USA : Cigna Healthcare,11/5/2020,1,Print,null
1061833,543423,cu_0000437 Horizon Media : Wind Creek,11/5/2020,1,Print,null
1062033,543710,cu_0000525 Walmart Stores; Inc.,11/5/2020,1,Print,null
1062043,543420,cu_0000423 OMG NA - OMD USA : Wells Fargo & Company -,11/5/2020,1,Print,null
1062073,543737,cu_0000679 Valassis Communications Inc. : VCI - Orscheln Farm & Home,11/5/2020,1,Print,null
1062103,543705,cu_0000500 Coastal Health Group Inc.,11/5/2020,1,Print,null
1062113,543737,cu_0000679 Valassis Communications Inc. : VCI - Orscheln Farm & Home,11/5/2020,1,Print,null
1062123,543151,cu_0000215 Macromark,11/5/2020,1,Print,null
1062143,543737,cu_0000679 Valassis Communications Inc. : VCI - Orscheln Farm & Home,11/5/2020,1,Print,null
1062153,543540,cu_0000726 Valassis Communications Inc. : VCI - Grand Home Furnishings,11/5/2020,1,Print,null
1062213,543638,cu_0000676 Valassis Communications Inc. : VCI - Bass Pro Shops,11/5/2020,1,Print,null
1062223,543899,cu_0000652 Valassis Communications Inc. : VCI - Tractor Supply Co.,11/5/2020,1,Print,null
1062233,543370,cu_0000484 Accuen Canada (US) : Enbridge Inc (Accuen - US campaign),11/5/2020,3,Digital,null
1062243,543370,cu_0000484 Accuen Canada (US) : Enbridge Inc (Accuen - US campaign),11/5/2020,3,Digital,null
1062333,543234,cu_0000211 Valassis Communications Inc. : VCI - Lowe's Supermarkets,11/5/2020,1,Print,null
1062343,543888,cu_0000589 JCP Media; Inc.,11/5/2020,1,Print,null
1062353,543420,cu_0000423 OMG NA - OMD USA : Wells Fargo & Company -,11/5/2020,1,Print,null
1062363,543294,cu_0000193 Discover Alaska; Inc.,11/5/2020,1,Print,null
1062373,543899,cu_0000652 Valassis Communications Inc. : VCI - Tractor Supply Co.,11/5/2020,1,Print,null
1062413,543378,cu_0000244 Mark's Work Wearhouse; Ltd,11/5/2020,1,Print,null
1062423,543899,cu_0000652 Valassis Communications Inc. : VCI - Tractor Supply Co.,11/5/2020,1,Print,null
1062433,543370,cu_0000484 Accuen Canada (US) : Enbridge Inc (Accuen - US campaign),11/5/2020,3,Digital,null
1062533,543899,cu_0000652 Valassis Communications Inc. : VCI - Tractor Supply Co.,11/5/2020,1,Print,null
1062543,543643,cu_0000704 Valassis Communications Inc. : VCI - Orgill; Inc,11/5/2020,1,Print,null
1062553,543899,cu_0000652 Valassis Communications Inc. : VCI - Tractor Supply Co.,11/5/2020,1,Print,null
1062593,543710,cu_0000525 Walmart Stores; Inc.,11/5/2020,1,Print,null
1062603,543705,cu_0000500 Coastal Health Group Inc.,11/5/2020,1,Print,null
1062623,543417,cu_0000408 Valassis Communications Inc. : VCI - Aetna,11/5/2020,1,Print,null
1062633,543083,cu_0000065 Synchrony Bank,11/5/2020,1,Print,null
1062693,543792,cu_0000601 Valassis Communications Inc. : VCI - Badcock Home,11/5/2020,1,Print,null
1062703,543705,cu_0000500 Coastal Health Group Inc.,11/5/2020,1,Print,null
1062713,543598,cu_0000460 Valassis Communications Inc. : VCI - Pizza Hut,11/5/2020,1,Print,null
1062733,543910,cu_0000725 Valassis Communications Inc. : VCI - DIRECTV,11/5/2020,1,Print,null
1062743,543899,cu_0000652 Valassis Communications Inc. : VCI - Tractor Supply Co.,11/5/2020,1,Print,null
1062763,543902,cu_0000675 Home Depot Store Support; LLC.,11/5/2020,1,Print,null
1062773,544081,cu_0000776 Valassis Communications Inc. : VCI - McDonald's,11/5/2020,1,Print,null
1062793,543737,cu_0000679 Valassis Communications Inc. : VCI - Orscheln Farm & Home,11/5/2020,1,Print,null
1062803,543888,cu_0000589 JCP Media; Inc.,11/5/2020,1,Print,null
1062813,543087,cu_0000069 Valassis Communications Inc. : VCI - Arby's,11/5/2020,1,Print,null
1062823,543375,cu_0000508 Valassis Communications Inc. : VCI - KFC,11/5/2020,1,Print,null
1062833,543087,cu_0000069 Valassis Communications Inc. : VCI - Arby's,11/5/2020,1,Print,null
1062893,543619,cu_0000568 Nexus Formulas LLC,11/5/2020,1,Print,null
1062903,543899,cu_0000652 Valassis Communications Inc. : VCI - Tractor Supply Co.,11/5/2020,1,Print,null
1062913,543888,cu_0000589 JCP Media; Inc.,11/5/2020,1,Print,null
1062973,543910,cu_0000725 Valassis Communications Inc. : VCI - DIRECTV,11/5/2020,1,Print,null
1062983,543737,cu_0000679 Valassis Communications Inc. : VCI - Orscheln Farm & Home,11/5/2020,1,Print,null
1062993,543234,cu_0000211 Valassis Communications Inc. : VCI - Lowe's Supermarkets,11/5/2020,1,Print,null
1063003,543417,cu_0000408 Valassis Communications Inc. : VCI - Aetna,11/5/2020,1,Print,null
1063013,543417,cu_0000408 Valassis Communications Inc. : VCI - Aetna,11/5/2020,1,Print,null
1063023,543417,cu_0000408 Valassis Communications Inc. : VCI - Aetna,11/5/2020,1,Print,null
1065353,543252,cu_0000268 OMG NA - PHD USA : Humana Inc.,11/5/2020,1,Print,null
1065373,543234,cu_0000211 Valassis Communications Inc. : VCI - Lowe's Supermarkets,11/5/2020,1,Print,null
1065383,543902,cu_0000675 Home Depot Store Support; LLC.,11/5/2020,1,Print,null
1065393,543704,cu_0000496 Fleet Farm,11/5/2020,1,Print,null
1065403,543147,cu_0000201 OMG NA - PHD USA : Google,11/5/2020,1,Print,null
1065413,543147,cu_0000201 OMG NA - PHD USA : Google,11/5/2020,1,Print,null
1065423,543507,cu_0000495 Axiom Impressions LLC : Southern States Cooperative,11/5/2020,1,Print,null
1065433,543737,cu_0000679 Valassis Communications Inc. : VCI - Orscheln Farm & Home,11/5/2020,1,Print,null
1065443,543638,cu_0000676 Valassis Communications Inc. : VCI - Bass Pro Shops,11/5/2020,1,Print,null
1065463,543737,cu_0000679 Valassis Communications Inc. : VCI - Orscheln Farm & Home,11/5/2020,1,Print,null
1065473,543147,cu_0000201 OMG NA - PHD USA : Google,11/5/2020,1,Print,null
1065483,543295,cu_0000196 Valassis Communications Inc. : VCI - Hardee's,11/5/2020,1,Print,null
1065493,543737,cu_0000679 Valassis Communications Inc. : VCI - Orscheln Farm & Home,11/5/2020,1,Print,null
1065503,543151,cu_0000215 Macromark,11/5/2020,1,Print,null
1065513,543157,cu_0000235 Staples,11/5/2020,1,Print,null
1065523,543157,cu_0000235 Staples,11/5/2020,1,Print,null
1065533,543902,cu_0000675 Home Depot Store Support; LLC.,11/5/2020,1,Print,null
1065543,543638,cu_0000676 Valassis Communications Inc. : VCI - Bass Pro Shops,11/5/2020,1,Print,null
1065743,543737,cu_0000679 Valassis Communications Inc. : VCI - Orscheln Farm & Home,11/5/2020,1,Print,null
1065753,543704,cu_0000496 Fleet Farm,11/5/2020,1,Print,null
1065763,543151,cu_0000215 Macromark,11/5/2020,1,Print,null
1065773,543157,cu_0000235 Staples,11/5/2020,1,Print,null
1065783,543147,cu_0000201 OMG NA - PHD USA : Google,11/5/2020,1,Print,null
1065793,543147,cu_0000201 OMG NA - PHD USA : Google,11/5/2020,1,Print,null
1065803,543157,cu_0000235 Staples,11/5/2020,1,Print,null
1065813,543593,cu_0000435 Valassis Communications Inc. : VCI - Family Farm & Home,11/5/2020,1,Print,null
1065823,543157,cu_0000235 Staples,11/5/2020,1,Print,null
1065833,543737,cu_0000679 Valassis Communications Inc. : VCI - Orscheln Farm & Home,11/5/2020,1,Print,null
1065843,543147,cu_0000201 OMG NA - PHD USA : Google,11/5/2020,1,Print,null
1065853,543902,cu_0000675 Home Depot Store Support; LLC.,11/5/2020,1,Print,null
1065863,543593,cu_0000435 Valassis Communications Inc. : VCI - Family Farm & Home,11/5/2020,1,Print,null
1065873,543737,cu_0000679 Valassis Communications Inc. : VCI - Orscheln Farm & Home,11/5/2020,1,Print,null
1065883,543147,cu_0000201 OMG NA - PHD USA : Google,11/5/2020,1,Print,null
1065893,543157,cu_0000235 Staples,11/5/2020,1,Print,null
1065903,543270,cu_0000335 Dell; Inc -,11/5/2020,1,Print,null
1065913,543157,cu_0000235 Staples,11/5/2020,1,Print,null
1065923,543157,cu_0000235 Staples,11/5/2020,1,Print,null
1065933,543234,cu_0000211 Valassis Communications Inc. : VCI - Lowe's Supermarkets,11/5/2020,1,Print,null
1065943,543157,cu_0000235 Staples,11/5/2020,1,Print,null
1066033,543157,cu_0000235 Staples,11/5/2020,1,Print,null
1066043,543157,cu_0000235 Staples,11/5/2020,1,Print,null
1066133,543157,cu_0000235 Staples,11/5/2020,1,Print,null
1066143,543157,cu_0000235 Staples,11/5/2020,1,Print,null
1066233,543157,cu_0000235 Staples,11/5/2020,1,Print,null
1066243,543157,cu_0000235 Staples,11/5/2020,1,Print,null
1066253,543157,cu_0000235 Staples,11/5/2020,1,Print,null
1066263,543157,cu_0000235 Staples,11/5/2020,1,Print,null
1066273,543157,cu_0000235 Staples,11/5/2020,1,Print,null
1066283,543157,cu_0000235 Staples,11/5/2020,1,Print,null
1066293,543704,cu_0000496 Fleet Farm,11/5/2020,1,Print,null
1066303,543295,cu_0000196 Valassis Communications Inc. : VCI - Hardee's,11/5/2020,1,Print,null
1066313,543157,cu_0000235 Staples,11/5/2020,1,Print,null
1066323,543157,cu_0000235 Staples,11/5/2020,1,Print,null
1066333,543157,cu_0000235 Staples,11/5/2020,1,Print,null
1066343,543157,cu_0000235 Staples,11/5/2020,1,Print,null
1066433,543157,cu_0000235 Staples,11/5/2020,1,Print,null
1066443,543157,cu_0000235 Staples,11/5/2020,1,Print,null
1066453,543157,cu_0000235 Staples,11/5/2020,1,Print,null
1066463,543157,cu_0000235 Staples,11/5/2020,1,Print,null
1066473,543157,cu_0000235 Staples,11/5/2020,1,Print,null
1066483,543417,cu_0000408 Valassis Communications Inc. : VCI - Aetna,11/5/2020,1,Print,null
1066493,543151,cu_0000215 Macromark,11/5/2020,1,Print,null
1066503,543261,cu_0000301 Christmas Tree Shops; Inc.,11/5/2020,1,Print,null
1066513,543157,cu_0000235 Staples,11/5/2020,1,Print,null
1066523,543157,cu_0000235 Staples,11/5/2020,1,Print,null
1066533,543157,cu_0000235 Staples,11/5/2020,1,Print,null
1066543,543157,cu_0000235 Staples,11/5/2020,1,Print,null
1066553,543157,cu_0000235 Staples,11/5/2020,1,Print,null
1066563,543704,cu_0000496 Fleet Farm,11/5/2020,1,Print,null
1066573,543157,cu_0000235 Staples,11/5/2020,1,Print,null
1066583,543157,cu_0000235 Staples,11/5/2020,1,Print,null
1066593,543157,cu_0000235 Staples,11/5/2020,1,Print,null
1066603,543157,cu_0000235 Staples,11/5/2020,1,Print,null
1066613,543407,cu_0000359 Valassis Communications Inc. : VCI - Unilever,11/5/2020,1,Print,null
1066623,543151,cu_0000215 Macromark,11/5/2020,1,Print,null
1066633,543157,cu_0000235 Staples,11/5/2020,1,Print,null
1069043,543899,cu_0000652 Valassis Communications Inc. : VCI - Tractor Supply Co.,11/5/2020,1,Print,null
1069053,543899,cu_0000652 Valassis Communications Inc. : VCI - Tractor Supply Co.,11/5/2020,1,Print,null
1069063,543737,cu_0000679 Valassis Communications Inc. : VCI - Orscheln Farm & Home,11/5/2020,1,Print,null
1069073,543614,cu_0000540 Valassis Communications Inc. : VCI - Stock + Field,11/5/2020,1,Print,null
1069133,543710,cu_0000525 Walmart Stores; Inc.,11/5/2020,1,Print,null
1069143,543710,cu_0000525 Walmart Stores; Inc.,11/5/2020,1,Print,null
1069153,543614,cu_0000540 Valassis Communications Inc. : VCI - Stock + Field,11/5/2020,1,Print,null
1069163,543598,cu_0000460 Valassis Communications Inc. : VCI - Pizza Hut,11/5/2020,1,Print,null
1069173,543737,cu_0000679 Valassis Communications Inc. : VCI - Orscheln Farm & Home,11/5/2020,1,Print,null
1069193,543540,cu_0000726 Valassis Communications Inc. : VCI - Grand Home Furnishings,11/5/2020,1,Print,null
1069233,543509,cu_0000507 Valassis Communications Inc. : VCI - Wendy's International,11/5/2020,1,Print,null
1069243,543151,cu_0000215 Macromark,11/5/2020,1,Print,null
1069253,543737,cu_0000679 Valassis Communications Inc. : VCI - Orscheln Farm & Home,11/5/2020,1,Print,null
1069263,543638,cu_0000676 Valassis Communications Inc. : VCI - Bass Pro Shops,11/5/2020,1,Print,null
1069273,543234,cu_0000211 Valassis Communications Inc. : VCI - Lowe's Supermarkets,11/5/2020,1,Print,null
1069283,543507,cu_0000495 Axiom Impressions LLC : Southern States Cooperative,11/5/2020,1,Print,null
1069293,543157,cu_0000235 Staples,11/5/2020,1,Print,null
1069303,543157,cu_0000235 Staples,11/5/2020,1,Print,null
1069313,543157,cu_0000235 Staples,11/5/2020,1,Print,null
1069323,543157,cu_0000235 Staples,11/5/2020,1,Print,null
1069333,543295,cu_0000196 Valassis Communications Inc. : VCI - Hardee's,11/5/2020,1,Print,null
1069343,543295,cu_0000196 Valassis Communications Inc. : VCI - Hardee's,11/5/2020,1,Print,null
1069353,543638,cu_0000676 Valassis Communications Inc. : VCI - Bass Pro Shops,11/5/2020,1,Print,null
1069363,543902,cu_0000675 Home Depot Store Support; LLC.,11/5/2020,1,Print,null
1069373,543704,cu_0000496 Fleet Farm,11/5/2020,1,Print,null
1069383,543210,cu_0000144 White Star Media Inc / Ross Simons-Luca+Danni,11/5/2020,1,Print,null
1069433,543737,cu_0000679 Valassis Communications Inc. : VCI - Orscheln Farm & Home,11/5/2020,1,Print,null
1069453,543540,cu_0000726 Valassis Communications Inc. : VCI - Grand Home Furnishings,11/5/2020,1,Print,null
1069463,543210,cu_0000144 White Star Media Inc / Ross Simons-Luca+Danni,11/5/2020,1,Print,null
1069473,543147,cu_0000201 OMG NA - PHD USA : Google,11/5/2020,1,Print,null
1069483,543157,cu_0000235 Staples,11/5/2020,1,Print,null
1069553,543087,cu_0000069 Valassis Communications Inc. : VCI - Arby's,11/5/2020,1,Print,null
1069563,543270,cu_0000335 Dell; Inc -,11/5/2020,1,Print,null
1069573,543157,cu_0000235 Staples,11/5/2020,1,Print,null
1069583,543161,cu_0000251 Porter Novelli : Federal Communications Commission,11/5/2020,1,Print,null
1069593,543234,cu_0000211 Valassis Communications Inc. : VCI - Lowe's Supermarkets,11/5/2020,1,Print,null
1069633,543147,cu_0000201 OMG NA - PHD USA : Google,11/5/2020,1,Print,null
1069643,543151,cu_0000215 Macromark,11/5/2020,1,Print,null
1069653,543157,cu_0000235 Staples,11/5/2020,1,Print,null
1069663,543157,cu_0000235 Staples,11/5/2020,1,Print,null
1069673,543157,cu_0000235 Staples,11/5/2020,1,Print,null
1069683,543157,cu_0000235 Staples,11/5/2020,1,Print,null
1069733,543157,cu_0000235 Staples,11/5/2020,1,Print,null
1069743,543157,cu_0000235 Staples,11/5/2020,1,Print,null
1069753,543157,cu_0000235 Staples,11/5/2020,1,Print,null
1069763,543157,cu_0000235 Staples,11/5/2020,1,Print,null
1069773,543157,cu_0000235 Staples,11/5/2020,1,Print,null
1069783,543704,cu_0000496 Fleet Farm,11/5/2020,1,Print,null
1069793,543498,cu_0000443 Holiday Retirement,11/5/2020,1,Print,null
1069803,543157,cu_0000235 Staples,11/5/2020,1,Print,null
1069833,543157,cu_0000235 Staples,11/5/2020,1,Print,null
1069843,543157,cu_0000235 Staples,11/5/2020,1,Print,null
1069853,543417,cu_0000408 Valassis Communications Inc. : VCI - Aetna,11/5/2020,1,Print,null
1069863,543410,cu_0000373 Horizon Media : Dignity Health,11/5/2020,1,Print,null
1069873,543157,cu_0000235 Staples,11/5/2020,1,Print,null
1069883,543157,cu_0000235 Staples,11/5/2020,1,Print,null
1069893,543157,cu_0000235 Staples,11/5/2020,1,Print,null
1069903,543704,cu_0000496 Fleet Farm,11/5/2020,1,Print,null
1069933,543157,cu_0000235 Staples,11/5/2020,1,Print,null
1069943,543593,cu_0000435 Valassis Communications Inc. : VCI - Family Farm & Home,11/5/2020,1,Print,null
1069953,543157,cu_0000235 Staples,11/5/2020,1,Print,null
1069963,543157,cu_0000235 Staples,11/5/2020,1,Print,null
1069973,543704,cu_0000496 Fleet Farm,11/5/2020,1,Print,null
1069983,543109,cu_0000098 Valassis Communications Inc. : VCI - Pet Supplies Plus,11/5/2020,1,Print,null
