Record ID, Client ID, Client Name, Date, Buying System, Buying System Name, (Client Contract)Prop Required
611355,543910,cu_0000725 Valassis Communications Inc. : VCI - DIRECTV,10/20/2020,1,Print,null
611356,543737,cu_0000679 Valassis Communications Inc. : VCI - Orscheln Farm & Home,10/20/2020,1,Print,null
611449,543219,cu_0000169 Cost Plus Management Services; Inc.,10/20/2020,1,Print,null
611450,543737,cu_0000679 Valassis Communications Inc. : VCI - Orscheln Farm & Home,10/20/2020,1,Print,null
611451,543910,cu_0000725 Valassis Communications Inc. : VCI - DIRECTV,10/20/2020,1,Print,null
611542,543910,cu_0000725 Valassis Communications Inc. : VCI - DIRECTV,10/20/2020,1,Print,null
611543,543910,cu_0000725 Valassis Communications Inc. : VCI - DIRECTV,10/20/2020,1,Print,null
611544,543600,cu_0000470 Amplifi : Edelman Financial,10/20/2020,1,Print,null
611636,543219,cu_0000169 Cost Plus Management Services; Inc.,10/20/2020,1,Print,null
611637,543737,cu_0000679 Valassis Communications Inc. : VCI - Orscheln Farm & Home,10/20/2020,1,Print,null
660138,543178,cu_0000086 Apex Exchange : Comcast Corporation -,10/20/2020,1,Print,null
660148,543599,cu_0000464 OMG NA - OMD USA : Cigna Healthcare,10/20/2020,1,Print,null
660158,543614,cu_0000540 Valassis Communications Inc. : VCI - Stock + Field,10/20/2020,1,Print,null
660168,543151,cu_0000215 Macromark,10/20/2020,1,Print,null
660178,543751,cu_0000768 GroupM : Facebook,10/20/2020,1,Print,null
660188,543407,cu_0000359 Valassis Communications Inc. : VCI - Unilever,10/20/2020,1,Print,null
660198,543407,cu_0000359 Valassis Communications Inc. : VCI - Unilever,10/20/2020,1,Print,null
660208,543407,cu_0000359 Valassis Communications Inc. : VCI - Unilever,10/20/2020,1,Print,null
660218,543407,cu_0000359 Valassis Communications Inc. : VCI - Unilever,10/20/2020,1,Print,null
660228,543407,cu_0000359 Valassis Communications Inc. : VCI - Unilever,10/20/2020,1,Print,null
660238,543263,cu_0000309 Valassis Communications Inc. : VCI - Intermountain Farmers Assoc.,10/20/2020,1,Print,null
660248,543599,cu_0000464 OMG NA - OMD USA : Cigna Healthcare,10/20/2020,1,Print,null
660258,543614,cu_0000540 Valassis Communications Inc. : VCI - Stock + Field,10/20/2020,1,Print,null
660338,543175,cu_0000318 Apex Exchange : TD Ameritrade Holding Corporation-,10/20/2020,1,Print,null
660339,543263,cu_0000309 Valassis Communications Inc. : VCI - Intermountain Farmers Assoc.,10/20/2020,1,Print,null
660348,543599,cu_0000464 OMG NA - OMD USA : Cigna Healthcare,10/20/2020,1,Print,null
660349,543614,cu_0000540 Valassis Communications Inc. : VCI - Stock + Field,10/20/2020,1,Print,null
660358,543614,cu_0000540 Valassis Communications Inc. : VCI - Stock + Field,10/20/2020,1,Print,null
660359,543394,cu_0000310 Apex Exchange : Citibank,10/20/2020,1,Print,null
660368,543151,cu_0000215 Macromark,10/20/2020,1,Print,null
660369,543151,cu_0000215 Macromark,10/20/2020,1,Print,null
660378,543407,cu_0000359 Valassis Communications Inc. : VCI - Unilever,10/20/2020,1,Print,null
660379,543407,cu_0000359 Valassis Communications Inc. : VCI - Unilever,10/20/2020,1,Print,null
660388,543407,cu_0000359 Valassis Communications Inc. : VCI - Unilever,10/20/2020,1,Print,null
660389,543407,cu_0000359 Valassis Communications Inc. : VCI - Unilever,10/20/2020,1,Print,null
660398,543407,cu_0000359 Valassis Communications Inc. : VCI - Unilever,10/20/2020,1,Print,null
660399,543407,cu_0000359 Valassis Communications Inc. : VCI - Unilever,10/20/2020,1,Print,null
660408,543407,cu_0000359 Valassis Communications Inc. : VCI - Unilever,10/20/2020,1,Print,null
660409,543407,cu_0000359 Valassis Communications Inc. : VCI - Unilever,10/20/2020,1,Print,null
660418,543407,cu_0000359 Valassis Communications Inc. : VCI - Unilever,10/20/2020,1,Print,null
660419,543407,cu_0000359 Valassis Communications Inc. : VCI - Unilever,10/20/2020,1,Print,null
660428,543407,cu_0000359 Valassis Communications Inc. : VCI - Unilever,10/20/2020,1,Print,null
660429,543407,cu_0000359 Valassis Communications Inc. : VCI - Unilever,10/20/2020,1,Print,null
660438,543407,cu_0000359 Valassis Communications Inc. : VCI - Unilever,10/20/2020,1,Print,null
660439,543407,cu_0000359 Valassis Communications Inc. : VCI - Unilever,10/20/2020,1,Print,null
660448,543407,cu_0000359 Valassis Communications Inc. : VCI - Unilever,10/20/2020,1,Print,null
660449,543407,cu_0000359 Valassis Communications Inc. : VCI - Unilever,10/20/2020,1,Print,null
660458,543407,cu_0000359 Valassis Communications Inc. : VCI - Unilever,10/20/2020,1,Print,null
660459,543407,cu_0000359 Valassis Communications Inc. : VCI - Unilever,10/20/2020,1,Print,null
660538,543407,cu_0000359 Valassis Communications Inc. : VCI - Unilever,10/20/2020,1,Print,null
660539,543407,cu_0000359 Valassis Communications Inc. : VCI - Unilever,10/20/2020,1,Print,null
660548,543407,cu_0000359 Valassis Communications Inc. : VCI - Unilever,10/20/2020,1,Print,null
660549,543407,cu_0000359 Valassis Communications Inc. : VCI - Unilever,10/20/2020,1,Print,null
660558,543407,cu_0000359 Valassis Communications Inc. : VCI - Unilever,10/20/2020,1,Print,null
660559,543407,cu_0000359 Valassis Communications Inc. : VCI - Unilever,10/20/2020,1,Print,null
660568,543407,cu_0000359 Valassis Communications Inc. : VCI - Unilever,10/20/2020,1,Print,null
660569,543407,cu_0000359 Valassis Communications Inc. : VCI - Unilever,10/20/2020,1,Print,null
660578,543407,cu_0000359 Valassis Communications Inc. : VCI - Unilever,10/20/2020,1,Print,null
660579,543407,cu_0000359 Valassis Communications Inc. : VCI - Unilever,10/20/2020,1,Print,null
660588,543407,cu_0000359 Valassis Communications Inc. : VCI - Unilever,10/20/2020,1,Print,null
660589,543407,cu_0000359 Valassis Communications Inc. : VCI - Unilever,10/20/2020,1,Print,null
660598,543407,cu_0000359 Valassis Communications Inc. : VCI - Unilever,10/20/2020,1,Print,null
660599,543407,cu_0000359 Valassis Communications Inc. : VCI - Unilever,10/20/2020,1,Print,null
660608,543407,cu_0000359 Valassis Communications Inc. : VCI - Unilever,10/20/2020,1,Print,null
660609,543407,cu_0000359 Valassis Communications Inc. : VCI - Unilever,10/20/2020,1,Print,null
660618,543407,cu_0000359 Valassis Communications Inc. : VCI - Unilever,10/20/2020,1,Print,null
660619,543407,cu_0000359 Valassis Communications Inc. : VCI - Unilever,10/20/2020,1,Print,null
660628,543407,cu_0000359 Valassis Communications Inc. : VCI - Unilever,10/20/2020,1,Print,null
660629,543407,cu_0000359 Valassis Communications Inc. : VCI - Unilever,10/20/2020,1,Print,null
660638,543407,cu_0000359 Valassis Communications Inc. : VCI - Unilever,10/20/2020,1,Print,null
660639,543407,cu_0000359 Valassis Communications Inc. : VCI - Unilever,10/20/2020,1,Print,null
660648,543407,cu_0000359 Valassis Communications Inc. : VCI - Unilever,10/20/2020,1,Print,null
660649,543407,cu_0000359 Valassis Communications Inc. : VCI - Unilever,10/20/2020,1,Print,null
660658,543407,cu_0000359 Valassis Communications Inc. : VCI - Unilever,10/20/2020,1,Print,null
660659,543407,cu_0000359 Valassis Communications Inc. : VCI - Unilever,10/20/2020,1,Print,null
660738,543407,cu_0000359 Valassis Communications Inc. : VCI - Unilever,10/20/2020,1,Print,null
660739,543407,cu_0000359 Valassis Communications Inc. : VCI - Unilever,10/20/2020,1,Print,null
660748,543407,cu_0000359 Valassis Communications Inc. : VCI - Unilever,10/20/2020,1,Print,null
660749,543407,cu_0000359 Valassis Communications Inc. : VCI - Unilever,10/20/2020,1,Print,null
660758,543407,cu_0000359 Valassis Communications Inc. : VCI - Unilever,10/20/2020,1,Print,null
660759,543407,cu_0000359 Valassis Communications Inc. : VCI - Unilever,10/20/2020,1,Print,null
660838,543407,cu_0000359 Valassis Communications Inc. : VCI - Unilever,10/20/2020,1,Print,null
660839,543407,cu_0000359 Valassis Communications Inc. : VCI - Unilever,10/20/2020,1,Print,null
660848,543407,cu_0000359 Valassis Communications Inc. : VCI - Unilever,10/20/2020,1,Print,null
660849,543407,cu_0000359 Valassis Communications Inc. : VCI - Unilever,10/20/2020,1,Print,null
660858,543407,cu_0000359 Valassis Communications Inc. : VCI - Unilever,10/20/2020,1,Print,null
660859,543407,cu_0000359 Valassis Communications Inc. : VCI - Unilever,10/20/2020,1,Print,null
660938,543407,cu_0000359 Valassis Communications Inc. : VCI - Unilever,10/20/2020,1,Print,null
660939,543407,cu_0000359 Valassis Communications Inc. : VCI - Unilever,10/20/2020,1,Print,null
660948,543407,cu_0000359 Valassis Communications Inc. : VCI - Unilever,10/20/2020,1,Print,null
660949,543407,cu_0000359 Valassis Communications Inc. : VCI - Unilever,10/20/2020,1,Print,null
660958,543407,cu_0000359 Valassis Communications Inc. : VCI - Unilever,10/20/2020,1,Print,null
660959,543407,cu_0000359 Valassis Communications Inc. : VCI - Unilever,10/20/2020,1,Print,null
660968,543407,cu_0000359 Valassis Communications Inc. : VCI - Unilever,10/20/2020,1,Print,null
660969,543407,cu_0000359 Valassis Communications Inc. : VCI - Unilever,10/20/2020,1,Print,null
660978,543407,cu_0000359 Valassis Communications Inc. : VCI - Unilever,10/20/2020,1,Print,null
660979,543407,cu_0000359 Valassis Communications Inc. : VCI - Unilever,10/20/2020,1,Print,null
660988,543407,cu_0000359 Valassis Communications Inc. : VCI - Unilever,10/20/2020,1,Print,null
660989,543407,cu_0000359 Valassis Communications Inc. : VCI - Unilever,10/20/2020,1,Print,null
660998,543407,cu_0000359 Valassis Communications Inc. : VCI - Unilever,10/20/2020,1,Print,null
660999,543407,cu_0000359 Valassis Communications Inc. : VCI - Unilever,10/20/2020,1,Print,null
661008,543407,cu_0000359 Valassis Communications Inc. : VCI - Unilever,10/20/2020,1,Print,null
661009,543407,cu_0000359 Valassis Communications Inc. : VCI - Unilever,10/20/2020,1,Print,null
661018,543407,cu_0000359 Valassis Communications Inc. : VCI - Unilever,10/20/2020,1,Print,null
661019,543407,cu_0000359 Valassis Communications Inc. : VCI - Unilever,10/20/2020,1,Print,null
661028,543407,cu_0000359 Valassis Communications Inc. : VCI - Unilever,10/20/2020,1,Print,null
661029,543407,cu_0000359 Valassis Communications Inc. : VCI - Unilever,10/20/2020,1,Print,null
661038,543407,cu_0000359 Valassis Communications Inc. : VCI - Unilever,10/20/2020,1,Print,null
661039,543407,cu_0000359 Valassis Communications Inc. : VCI - Unilever,10/20/2020,1,Print,null
661048,543407,cu_0000359 Valassis Communications Inc. : VCI - Unilever,10/20/2020,1,Print,null
661049,543407,cu_0000359 Valassis Communications Inc. : VCI - Unilever,10/20/2020,1,Print,null
661058,543407,cu_0000359 Valassis Communications Inc. : VCI - Unilever,10/20/2020,1,Print,null
661059,543407,cu_0000359 Valassis Communications Inc. : VCI - Unilever,10/20/2020,1,Print,null
661068,543407,cu_0000359 Valassis Communications Inc. : VCI - Unilever,10/20/2020,1,Print,null
661069,543407,cu_0000359 Valassis Communications Inc. : VCI - Unilever,10/20/2020,1,Print,null
661078,543407,cu_0000359 Valassis Communications Inc. : VCI - Unilever,10/20/2020,1,Print,null
661079,543407,cu_0000359 Valassis Communications Inc. : VCI - Unilever,10/20/2020,1,Print,null
661088,543407,cu_0000359 Valassis Communications Inc. : VCI - Unilever,10/20/2020,1,Print,null
661089,543407,cu_0000359 Valassis Communications Inc. : VCI - Unilever,10/20/2020,1,Print,null
661098,543407,cu_0000359 Valassis Communications Inc. : VCI - Unilever,10/20/2020,1,Print,null
661099,543407,cu_0000359 Valassis Communications Inc. : VCI - Unilever,10/20/2020,1,Print,null
661108,543407,cu_0000359 Valassis Communications Inc. : VCI - Unilever,10/20/2020,1,Print,null
661109,543407,cu_0000359 Valassis Communications Inc. : VCI - Unilever,10/20/2020,1,Print,null
661118,543407,cu_0000359 Valassis Communications Inc. : VCI - Unilever,10/20/2020,1,Print,null
661119,543407,cu_0000359 Valassis Communications Inc. : VCI - Unilever,10/20/2020,1,Print,null
661128,543407,cu_0000359 Valassis Communications Inc. : VCI - Unilever,10/20/2020,1,Print,null
661129,543407,cu_0000359 Valassis Communications Inc. : VCI - Unilever,10/20/2020,1,Print,null
661138,543407,cu_0000359 Valassis Communications Inc. : VCI - Unilever,10/20/2020,1,Print,null
661139,543407,cu_0000359 Valassis Communications Inc. : VCI - Unilever,10/20/2020,1,Print,null
661148,543407,cu_0000359 Valassis Communications Inc. : VCI - Unilever,10/20/2020,1,Print,null
661149,543407,cu_0000359 Valassis Communications Inc. : VCI - Unilever,10/20/2020,1,Print,null
661158,543407,cu_0000359 Valassis Communications Inc. : VCI - Unilever,10/20/2020,1,Print,null
661159,543407,cu_0000359 Valassis Communications Inc. : VCI - Unilever,10/20/2020,1,Print,null
661238,543407,cu_0000359 Valassis Communications Inc. : VCI - Unilever,10/20/2020,1,Print,null
661239,543407,cu_0000359 Valassis Communications Inc. : VCI - Unilever,10/20/2020,1,Print,null
661248,543407,cu_0000359 Valassis Communications Inc. : VCI - Unilever,10/20/2020,1,Print,null
661249,543407,cu_0000359 Valassis Communications Inc. : VCI - Unilever,10/20/2020,1,Print,null
661258,543407,cu_0000359 Valassis Communications Inc. : VCI - Unilever,10/20/2020,1,Print,null
661259,543407,cu_0000359 Valassis Communications Inc. : VCI - Unilever,10/20/2020,1,Print,null
661338,543407,cu_0000359 Valassis Communications Inc. : VCI - Unilever,10/20/2020,1,Print,null
661339,543407,cu_0000359 Valassis Communications Inc. : VCI - Unilever,10/20/2020,1,Print,null
661348,543407,cu_0000359 Valassis Communications Inc. : VCI - Unilever,10/20/2020,1,Print,null
661349,543407,cu_0000359 Valassis Communications Inc. : VCI - Unilever,10/20/2020,1,Print,null
661358,543407,cu_0000359 Valassis Communications Inc. : VCI - Unilever,10/20/2020,1,Print,null
661359,543407,cu_0000359 Valassis Communications Inc. : VCI - Unilever,10/20/2020,1,Print,null
661368,543407,cu_0000359 Valassis Communications Inc. : VCI - Unilever,10/20/2020,1,Print,null
661369,543407,cu_0000359 Valassis Communications Inc. : VCI - Unilever,10/20/2020,1,Print,null
661378,543407,cu_0000359 Valassis Communications Inc. : VCI - Unilever,10/20/2020,1,Print,null
661379,543407,cu_0000359 Valassis Communications Inc. : VCI - Unilever,10/20/2020,1,Print,null
661388,543407,cu_0000359 Valassis Communications Inc. : VCI - Unilever,10/20/2020,1,Print,null
661389,543407,cu_0000359 Valassis Communications Inc. : VCI - Unilever,10/20/2020,1,Print,null
661398,543407,cu_0000359 Valassis Communications Inc. : VCI - Unilever,10/20/2020,1,Print,null
661399,543407,cu_0000359 Valassis Communications Inc. : VCI - Unilever,10/20/2020,1,Print,null
661408,543407,cu_0000359 Valassis Communications Inc. : VCI - Unilever,10/20/2020,1,Print,null
661409,543407,cu_0000359 Valassis Communications Inc. : VCI - Unilever,10/20/2020,1,Print,null
661418,543407,cu_0000359 Valassis Communications Inc. : VCI - Unilever,10/20/2020,1,Print,null
661419,543407,cu_0000359 Valassis Communications Inc. : VCI - Unilever,10/20/2020,1,Print,null
661428,543407,cu_0000359 Valassis Communications Inc. : VCI - Unilever,10/20/2020,1,Print,null
661429,543407,cu_0000359 Valassis Communications Inc. : VCI - Unilever,10/20/2020,1,Print,null
661438,543407,cu_0000359 Valassis Communications Inc. : VCI - Unilever,10/20/2020,1,Print,null
661439,543407,cu_0000359 Valassis Communications Inc. : VCI - Unilever,10/20/2020,1,Print,null
661448,543407,cu_0000359 Valassis Communications Inc. : VCI - Unilever,10/20/2020,1,Print,null
661449,543407,cu_0000359 Valassis Communications Inc. : VCI - Unilever,10/20/2020,1,Print,null
661458,543407,cu_0000359 Valassis Communications Inc. : VCI - Unilever,10/20/2020,1,Print,null
661459,543407,cu_0000359 Valassis Communications Inc. : VCI - Unilever,10/20/2020,1,Print,null
661538,543407,cu_0000359 Valassis Communications Inc. : VCI - Unilever,10/20/2020,1,Print,null
661539,543407,cu_0000359 Valassis Communications Inc. : VCI - Unilever,10/20/2020,1,Print,null
661548,543407,cu_0000359 Valassis Communications Inc. : VCI - Unilever,10/20/2020,1,Print,null
661549,543407,cu_0000359 Valassis Communications Inc. : VCI - Unilever,10/20/2020,1,Print,null
661558,543407,cu_0000359 Valassis Communications Inc. : VCI - Unilever,10/20/2020,1,Print,null
661559,543407,cu_0000359 Valassis Communications Inc. : VCI - Unilever,10/20/2020,1,Print,null
661568,543407,cu_0000359 Valassis Communications Inc. : VCI - Unilever,10/20/2020,1,Print,null
661569,543407,cu_0000359 Valassis Communications Inc. : VCI - Unilever,10/20/2020,1,Print,null
661578,543407,cu_0000359 Valassis Communications Inc. : VCI - Unilever,10/20/2020,1,Print,null
661579,543407,cu_0000359 Valassis Communications Inc. : VCI - Unilever,10/20/2020,1,Print,null
661588,543407,cu_0000359 Valassis Communications Inc. : VCI - Unilever,10/20/2020,1,Print,null
661589,543407,cu_0000359 Valassis Communications Inc. : VCI - Unilever,10/20/2020,1,Print,null
661598,543407,cu_0000359 Valassis Communications Inc. : VCI - Unilever,10/20/2020,1,Print,null
661599,543407,cu_0000359 Valassis Communications Inc. : VCI - Unilever,10/20/2020,1,Print,null
661608,543407,cu_0000359 Valassis Communications Inc. : VCI - Unilever,10/20/2020,1,Print,null
661609,543593,cu_0000435 Valassis Communications Inc. : VCI - Family Farm & Home,10/20/2020,1,Print,null
661618,543593,cu_0000435 Valassis Communications Inc. : VCI - Family Farm & Home,10/20/2020,1,Print,null
661619,543593,cu_0000435 Valassis Communications Inc. : VCI - Family Farm & Home,10/20/2020,1,Print,null
661628,543593,cu_0000435 Valassis Communications Inc. : VCI - Family Farm & Home,10/20/2020,1,Print,null
661629,543593,cu_0000435 Valassis Communications Inc. : VCI - Family Farm & Home,10/20/2020,1,Print,null
661638,543407,cu_0000359 Valassis Communications Inc. : VCI - Unilever,10/20/2020,1,Print,null
661639,543407,cu_0000359 Valassis Communications Inc. : VCI - Unilever,10/20/2020,1,Print,null
661648,543593,cu_0000435 Valassis Communications Inc. : VCI - Family Farm & Home,10/20/2020,1,Print,null
661649,543593,cu_0000435 Valassis Communications Inc. : VCI - Family Farm & Home,10/20/2020,1,Print,null
661658,543593,cu_0000435 Valassis Communications Inc. : VCI - Family Farm & Home,10/20/2020,1,Print,null
661659,543593,cu_0000435 Valassis Communications Inc. : VCI - Family Farm & Home,10/20/2020,1,Print,null
661738,543593,cu_0000435 Valassis Communications Inc. : VCI - Family Farm & Home,10/20/2020,1,Print,null
661739,543593,cu_0000435 Valassis Communications Inc. : VCI - Family Farm & Home,10/20/2020,1,Print,null
661748,543593,cu_0000435 Valassis Communications Inc. : VCI - Family Farm & Home,10/20/2020,1,Print,null
661749,543593,cu_0000435 Valassis Communications Inc. : VCI - Family Farm & Home,10/20/2020,1,Print,null
661758,543593,cu_0000435 Valassis Communications Inc. : VCI - Family Farm & Home,10/20/2020,1,Print,null
661759,543593,cu_0000435 Valassis Communications Inc. : VCI - Family Farm & Home,10/20/2020,1,Print,null
661838,543593,cu_0000435 Valassis Communications Inc. : VCI - Family Farm & Home,10/20/2020,1,Print,null
661839,543593,cu_0000435 Valassis Communications Inc. : VCI - Family Farm & Home,10/20/2020,1,Print,null
661848,543593,cu_0000435 Valassis Communications Inc. : VCI - Family Farm & Home,10/20/2020,1,Print,null
661849,543593,cu_0000435 Valassis Communications Inc. : VCI - Family Farm & Home,10/20/2020,1,Print,null
661858,543407,cu_0000359 Valassis Communications Inc. : VCI - Unilever,10/20/2020,1,Print,null
661859,543407,cu_0000359 Valassis Communications Inc. : VCI - Unilever,10/20/2020,1,Print,null
661868,543407,cu_0000359 Valassis Communications Inc. : VCI - Unilever,10/20/2020,1,Print,null
661869,543407,cu_0000359 Valassis Communications Inc. : VCI - Unilever,10/20/2020,1,Print,null
661878,543407,cu_0000359 Valassis Communications Inc. : VCI - Unilever,10/20/2020,1,Print,null
661879,543417,cu_0000408 Valassis Communications Inc. : VCI - Aetna,10/20/2020,1,Print,null
661888,543423,cu_0000437 Horizon Media : Wind Creek,10/20/2020,1,Print,null
661889,543270,cu_0000335 Dell; Inc -,10/20/2020,1,Print,null
661898,543417,cu_0000408 Valassis Communications Inc. : VCI - Aetna,10/20/2020,1,Print,null
661899,543220,cu_0000172 Westminster Mint,10/20/2020,1,Print,null
661908,543151,cu_0000215 Macromark,10/20/2020,1,Print,null
661909,543423,cu_0000437 Horizon Media : Wind Creek,10/20/2020,1,Print,null
661918,543210,cu_0000144 White Star Media Inc / Ross Simons-Luca+Danni,10/20/2020,1,Print,null
661919,543210,cu_0000144 White Star Media Inc / Ross Simons-Luca+Danni,10/20/2020,1,Print,null
661938,543593,cu_0000435 Valassis Communications Inc. : VCI - Family Farm & Home,10/20/2020,1,Print,null
661939,543593,cu_0000435 Valassis Communications Inc. : VCI - Family Farm & Home,10/20/2020,1,Print,null
661948,543593,cu_0000435 Valassis Communications Inc. : VCI - Family Farm & Home,10/20/2020,1,Print,null
661949,543593,cu_0000435 Valassis Communications Inc. : VCI - Family Farm & Home,10/20/2020,1,Print,null
661958,543407,cu_0000359 Valassis Communications Inc. : VCI - Unilever,10/20/2020,1,Print,null
661959,543407,cu_0000359 Valassis Communications Inc. : VCI - Unilever,10/20/2020,1,Print,null
661968,543407,cu_0000359 Valassis Communications Inc. : VCI - Unilever,10/20/2020,1,Print,null
661969,543407,cu_0000359 Valassis Communications Inc. : VCI - Unilever,10/20/2020,1,Print,null
661978,543407,cu_0000359 Valassis Communications Inc. : VCI - Unilever,10/20/2020,1,Print,null
661979,543407,cu_0000359 Valassis Communications Inc. : VCI - Unilever,10/20/2020,1,Print,null
661988,543270,cu_0000335 Dell; Inc -,10/20/2020,1,Print,null
661989,543270,cu_0000335 Dell; Inc -,10/20/2020,1,Print,null
661998,543151,cu_0000215 Macromark,10/20/2020,1,Print,null
661999,543270,cu_0000335 Dell; Inc -,10/20/2020,1,Print,null
662008,543339,cu_0000345 XLR8 Media Inc. : Producteurs de Lait du Québec,10/20/2020,1,Print,null
662009,543339,cu_0000345 XLR8 Media Inc. : Producteurs de Lait du Québec,10/20/2020,1,Print,null
662018,543410,cu_0000373 Horizon Media : Dignity Health,10/20/2020,1,Print,null
662019,543423,cu_0000437 Horizon Media : Wind Creek,10/20/2020,1,Print,null
662028,543704,cu_0000496 Fleet Farm,10/20/2020,1,Print,null
662029,543718,cu_0000570 MediaVest : Comcast Corporation,10/20/2020,1,Print,null
662038,543407,cu_0000359 Valassis Communications Inc. : VCI - Unilever,10/20/2020,1,Print,null
662039,543407,cu_0000359 Valassis Communications Inc. : VCI - Unilever,10/20/2020,1,Print,null
662048,543270,cu_0000335 Dell; Inc -,10/20/2020,1,Print,null
662049,543270,cu_0000335 Dell; Inc -,10/20/2020,1,Print,null
662058,543294,cu_0000193 Discover Alaska; Inc.,10/20/2020,1,Print,null
662059,543525,cu_0000616 MCC Media,10/20/2020,1,Print,null
662068,543270,cu_0000335 Dell; Inc -,10/20/2020,1,Print,null
662069,543270,cu_0000335 Dell; Inc -,10/20/2020,1,Print,null
662075,543339,cu_0000345 XLR8 Media Inc. : Producteurs de Lait du Québec,10/20/2020,1,Print,null
662078,543151,cu_0000215 Macromark,10/20/2020,1,Print,null
662079,543151,cu_0000215 Macromark,10/20/2020,1,Print,null
662088,543410,cu_0000373 Horizon Media : Dignity Health,10/20/2020,1,Print,null
662089,543410,cu_0000373 Horizon Media : Dignity Health,10/20/2020,1,Print,null
662098,543270,cu_0000335 Dell; Inc -,10/20/2020,1,Print,null
662099,543718,cu_0000570 MediaVest : Comcast Corporation,10/20/2020,1,Print,null
662138,543295,cu_0000196 Valassis Communications Inc. : VCI - Hardee's,10/20/2020,1,Print,null
662139,543407,cu_0000359 Valassis Communications Inc. : VCI - Unilever,10/20/2020,1,Print,null
662148,543270,cu_0000335 Dell; Inc -,10/20/2020,1,Print,null
662149,543270,cu_0000335 Dell; Inc -,10/20/2020,1,Print,null
662158,543151,cu_0000215 Macromark,10/20/2020,1,Print,null
662159,543151,cu_0000215 Macromark,10/20/2020,1,Print,null
662168,543417,cu_0000408 Valassis Communications Inc. : VCI - Aetna,10/20/2020,1,Print,null
662169,543339,cu_0000345 XLR8 Media Inc. : Producteurs de Lait du Québec,10/20/2020,1,Print,null
662178,543410,cu_0000373 Horizon Media : Dignity Health,10/20/2020,1,Print,null
662179,543704,cu_0000496 Fleet Farm,10/20/2020,1,Print,null
662238,543407,cu_0000359 Valassis Communications Inc. : VCI - Unilever,10/20/2020,1,Print,null
662239,543407,cu_0000359 Valassis Communications Inc. : VCI - Unilever,10/20/2020,1,Print,null
662248,543270,cu_0000335 Dell; Inc -,10/20/2020,1,Print,null
662249,543270,cu_0000335 Dell; Inc -,10/20/2020,1,Print,null
662258,543341,cu_0000353 Coloplast Corp,10/20/2020,1,Print,null
662259,543151,cu_0000215 Macromark,10/20/2020,1,Print,null
662268,543220,cu_0000172 Westminster Mint,10/20/2020,1,Print,null
662269,543294,cu_0000193 Discover Alaska; Inc.,10/20/2020,1,Print,null
662278,543151,cu_0000215 Macromark,10/20/2020,1,Print,null
662279,543220,cu_0000172 Westminster Mint,10/20/2020,1,Print,null
662288,543704,cu_0000496 Fleet Farm,10/20/2020,1,Print,null
662289,543704,cu_0000496 Fleet Farm,10/20/2020,1,Print,null
662338,543407,cu_0000359 Valassis Communications Inc. : VCI - Unilever,10/20/2020,1,Print,null
662339,543407,cu_0000359 Valassis Communications Inc. : VCI - Unilever,10/20/2020,1,Print,null
662348,543270,cu_0000335 Dell; Inc -,10/20/2020,1,Print,null
662349,543270,cu_0000335 Dell; Inc -,10/20/2020,1,Print,null
662358,543270,cu_0000335 Dell; Inc -,10/20/2020,1,Print,null
662359,543270,cu_0000335 Dell; Inc -,10/20/2020,1,Print,null
662366,543339,cu_0000345 XLR8 Media Inc. : Producteurs de Lait du Québec,10/20/2020,1,Print,null
662368,543151,cu_0000215 Macromark,10/20/2020,1,Print,null
662369,543151,cu_0000215 Macromark,10/20/2020,1,Print,null
662378,543394,cu_0000310 Apex Exchange : Citibank,10/20/2020,1,Print,null
662379,543704,cu_0000496 Fleet Farm,10/20/2020,1,Print,null
662438,543270,cu_0000335 Dell; Inc -,10/20/2020,1,Print,null
662439,543270,cu_0000335 Dell; Inc -,10/20/2020,1,Print,null
662448,543151,cu_0000215 Macromark,10/20/2020,1,Print,null
662449,543151,cu_0000215 Macromark,10/20/2020,1,Print,null
662458,543423,cu_0000437 Horizon Media : Wind Creek,10/20/2020,1,Print,null
662459,543704,cu_0000496 Fleet Farm,10/20/2020,1,Print,null
662468,543405,cu_0000352 Staples - Canada,10/20/2020,1,Print,null
662469,543704,cu_0000496 Fleet Farm,10/20/2020,1,Print,null
662538,543405,cu_0000352 Staples - Canada,10/20/2020,1,Print,null
662638,543405,cu_0000352 Staples - Canada,10/20/2020,1,Print,null
662639,543405,cu_0000352 Staples - Canada,10/20/2020,1,Print,null
663137,543710,cu_0000525 Walmart Stores; Inc.,10/20/2020,1,Print,null
663138,543710,cu_0000525 Walmart Stores; Inc.,10/20/2020,1,Print,null
663139,543199,cu_0000124 Apex Exchange : Cox Communications; Inc,10/20/2020,1,Print,null
663140,543731,cu_0000647 Zenith Media : Kohl's Corporation,10/20/2020,1,Print,null
663141,543731,cu_0000647 Zenith Media : Kohl's Corporation,10/20/2020,1,Print,null
663142,543710,cu_0000525 Walmart Stores; Inc.,10/20/2020,1,Print,null
663143,543157,cu_0000235 Staples,10/20/2020,1,Print,null
663239,543731,cu_0000647 Zenith Media : Kohl's Corporation,10/20/2020,1,Print,null
663240,543731,cu_0000647 Zenith Media : Kohl's Corporation,10/20/2020,1,Print,null
663241,543731,cu_0000647 Zenith Media : Kohl's Corporation,10/20/2020,1,Print,null
663242,543731,cu_0000647 Zenith Media : Kohl's Corporation,10/20/2020,1,Print,null
663243,543710,cu_0000525 Walmart Stores; Inc.,10/20/2020,1,Print,null
663244,543361,cu_0000442 Respond 2 Communications; Inc. : Mutual of Omaha/R2C,10/20/2020,1,Print,null
663245,543710,cu_0000525 Walmart Stores; Inc.,10/20/2020,1,Print,null
663247,543710,cu_0000525 Walmart Stores; Inc.,10/20/2020,1,Print,null
663336,543731,cu_0000647 Zenith Media : Kohl's Corporation,10/20/2020,1,Print,null
663339,543731,cu_0000647 Zenith Media : Kohl's Corporation,10/20/2020,1,Print,null
663341,543731,cu_0000647 Zenith Media : Kohl's Corporation,10/20/2020,1,Print,null
663342,543731,cu_0000647 Zenith Media : Kohl's Corporation,10/20/2020,1,Print,null
663343,543710,cu_0000525 Walmart Stores; Inc.,10/20/2020,1,Print,null
663344,543710,cu_0000525 Walmart Stores; Inc.,10/20/2020,1,Print,null
663345,543731,cu_0000647 Zenith Media : Kohl's Corporation,10/20/2020,1,Print,null
663348,543345,cu_0000367 Dick's Sporting Goods; Inc,10/20/2020,1,Print,null
663349,543899,cu_0000652 Valassis Communications Inc. : VCI - Tractor Supply Co.,10/20/2020,1,Print,null
663437,543710,cu_0000525 Walmart Stores; Inc.,10/20/2020,1,Print,null
663438,543710,cu_0000525 Walmart Stores; Inc.,10/20/2020,1,Print,null
663439,543731,cu_0000647 Zenith Media : Kohl's Corporation,10/20/2020,1,Print,null
663440,543731,cu_0000647 Zenith Media : Kohl's Corporation,10/20/2020,1,Print,null
663441,543731,cu_0000647 Zenith Media : Kohl's Corporation,10/20/2020,1,Print,null
663442,543731,cu_0000647 Zenith Media : Kohl's Corporation,10/20/2020,1,Print,null
663443,543710,cu_0000525 Walmart Stores; Inc.,10/20/2020,1,Print,null
663444,543710,cu_0000525 Walmart Stores; Inc.,10/20/2020,1,Print,null
663445,543100,cu_0000082 La-Z-Boy,10/20/2020,1,Print,null
663446,543731,cu_0000647 Zenith Media : Kohl's Corporation,10/20/2020,1,Print,null
663536,543731,cu_0000647 Zenith Media : Kohl's Corporation,10/20/2020,1,Print,null
663537,543731,cu_0000647 Zenith Media : Kohl's Corporation,10/20/2020,1,Print,null
663538,543345,cu_0000367 Dick's Sporting Goods; Inc,10/20/2020,1,Print,null
663539,543731,cu_0000647 Zenith Media : Kohl's Corporation,10/20/2020,1,Print,null
663540,543731,cu_0000647 Zenith Media : Kohl's Corporation,10/20/2020,1,Print,null
663542,543710,cu_0000525 Walmart Stores; Inc.,10/20/2020,1,Print,null
663543,543710,cu_0000525 Walmart Stores; Inc.,10/20/2020,1,Print,null
663636,543270,cu_0000335 Dell; Inc -,10/20/2020,1,Print,null
663637,543710,cu_0000525 Walmart Stores; Inc.,10/20/2020,1,Print,null
663639,543731,cu_0000647 Zenith Media : Kohl's Corporation,10/20/2020,1,Print,null
663640,543731,cu_0000647 Zenith Media : Kohl's Corporation,10/20/2020,1,Print,null
663641,543731,cu_0000647 Zenith Media : Kohl's Corporation,10/20/2020,1,Print,null
663642,543731,cu_0000647 Zenith Media : Kohl's Corporation,10/20/2020,1,Print,null
663643,543710,cu_0000525 Walmart Stores; Inc.,10/20/2020,1,Print,null
663645,543731,cu_0000647 Zenith Media : Kohl's Corporation,10/20/2020,1,Print,null
663646,543345,cu_0000367 Dick's Sporting Goods; Inc,10/20/2020,1,Print,null
663736,543710,cu_0000525 Walmart Stores; Inc.,10/20/2020,1,Print,null
663737,543710,cu_0000525 Walmart Stores; Inc.,10/20/2020,1,Print,null
663738,543345,cu_0000367 Dick's Sporting Goods; Inc,10/20/2020,1,Print,null
663739,543361,cu_0000442 Respond 2 Communications; Inc. : Mutual of Omaha/R2C,10/20/2020,1,Print,null
663740,543731,cu_0000647 Zenith Media : Kohl's Corporation,10/20/2020,1,Print,null
663741,543731,cu_0000647 Zenith Media : Kohl's Corporation,10/20/2020,1,Print,null
663742,543710,cu_0000525 Walmart Stores; Inc.,10/20/2020,1,Print,null
663744,543710,cu_0000525 Walmart Stores; Inc.,10/20/2020,1,Print,null
663745,543345,cu_0000367 Dick's Sporting Goods; Inc,10/20/2020,1,Print,null
663837,543345,cu_0000367 Dick's Sporting Goods; Inc,10/20/2020,1,Print,null
663838,543731,cu_0000647 Zenith Media : Kohl's Corporation,10/20/2020,1,Print,null
663840,543345,cu_0000367 Dick's Sporting Goods; Inc,10/20/2020,1,Print,null
663841,543710,cu_0000525 Walmart Stores; Inc.,10/20/2020,1,Print,null
663843,543151,cu_0000215 Macromark,10/20/2020,1,Print,null
663938,543731,cu_0000647 Zenith Media : Kohl's Corporation,10/20/2020,1,Print,null
663939,543345,cu_0000367 Dick's Sporting Goods; Inc,10/20/2020,1,Print,null
663940,543731,cu_0000647 Zenith Media : Kohl's Corporation,10/20/2020,1,Print,null
663941,543710,cu_0000525 Walmart Stores; Inc.,10/20/2020,1,Print,null
663942,543157,cu_0000235 Staples,10/20/2020,1,Print,null
664036,543731,cu_0000647 Zenith Media : Kohl's Corporation,10/20/2020,1,Print,null
664037,543731,cu_0000647 Zenith Media : Kohl's Corporation,10/20/2020,1,Print,null
664038,543345,cu_0000367 Dick's Sporting Goods; Inc,10/20/2020,1,Print,null
664039,543731,cu_0000647 Zenith Media : Kohl's Corporation,10/20/2020,1,Print,null
664040,543199,cu_0000124 Apex Exchange : Cox Communications; Inc,10/20/2020,1,Print,null
664041,543710,cu_0000525 Walmart Stores; Inc.,10/20/2020,1,Print,null
664042,543689,cu_0000425 Outdoor Access Inc.,10/20/2020,1,Print,null
664438,543737,cu_0000679 Valassis Communications Inc. : VCI - Orscheln Farm & Home,10/20/2020,1,Print,null
664439,543157,cu_0000235 Staples,10/20/2020,1,Print,null
664638,543151,cu_0000215 Macromark,10/20/2020,1,Print,null
664639,543116,cu_0000113 Biotigen,10/20/2020,1,Print,null
665238,543157,cu_0000235 Staples,10/20/2020,1,Print,null
666038,543288,cu_0000177 OMG NA - OMD Canada : OMD/Nissan Can-QC,10/21/2020,1,Print,null
666039,543157,cu_0000235 Staples,10/21/2020,1,Print,null
666338,543405,cu_0000352 Staples - Canada,10/21/2020,1,Print,null
666339,543902,cu_0000675 Home Depot Store Support; LLC.,10/21/2020,1,Print,null
666438,543157,cu_0000235 Staples,10/21/2020,1,Print,null
666538,543407,cu_0000359 Valassis Communications Inc. : VCI - Unilever,10/21/2020,1,Print,null
666539,543157,cu_0000235 Staples,10/21/2020,1,Print,null
666739,543496,cu_0000428 White Star Media Inc / Scandinavian Tobacco Group,10/21/2020,1,Print,null
667038,543902,cu_0000675 Home Depot Store Support; LLC.,10/21/2020,1,Print,null
667039,543417,cu_0000408 Valassis Communications Inc. : VCI - Aetna,10/21/2020,1,Print,null
668638,543498,cu_0000443 Holiday Retirement,10/21/2020,1,Print,null
668639,543405,cu_0000352 Staples - Canada,10/21/2020,1,Print,null
668838,543270,cu_0000335 Dell; Inc -,10/21/2020,1,Print,null
668839,543151,cu_0000215 Macromark,10/21/2020,1,Print,null
670038,543405,cu_0000352 Staples - Canada,10/21/2020,1,Print,null
670039,543151,cu_0000215 Macromark,10/21/2020,1,Print,null
670138,543405,cu_0000352 Staples - Canada,10/21/2020,1,Print,null
670438,543270,cu_0000335 Dell; Inc -,10/21/2020,1,Print,null
671538,543737,cu_0000679 Valassis Communications Inc. : VCI - Orscheln Farm & Home,10/21/2020,1,Print,null
671738,543270,cu_0000335 Dell; Inc -,10/21/2020,1,Print,null
672238,543410,cu_0000373 Horizon Media : Dignity Health,10/21/2020,1,Print,null
674238,543899,cu_0000652 Valassis Communications Inc. : VCI - Tractor Supply Co.,10/21/2020,1,Print,null
674638,543704,cu_0000496 Fleet Farm,10/21/2020,1,Print,null
674639,543704,cu_0000496 Fleet Farm,10/21/2020,1,Print,null
674648,543417,cu_0000408 Valassis Communications Inc. : VCI - Aetna,10/21/2020,1,Print,null
674649,543377,cu_0000517 ForwardPMX : Physicians Mutual,10/21/2020,1,Print,null
674738,543704,cu_0000496 Fleet Farm,10/21/2020,1,Print,null
674739,543441,cu_0000526 JCP Puerto Rico Inc.,10/21/2020,1,Print,null
674838,543704,cu_0000496 Fleet Farm,10/21/2020,1,Print,null
674839,543704,cu_0000496 Fleet Farm,10/21/2020,1,Print,null
674938,543704,cu_0000496 Fleet Farm,10/21/2020,1,Print,null
674939,543704,cu_0000496 Fleet Farm,10/21/2020,1,Print,null
674948,543410,cu_0000373 Horizon Media : Dignity Health,10/21/2020,1,Print,null
674949,543417,cu_0000408 Valassis Communications Inc. : VCI - Aetna,10/21/2020,1,Print,null
675038,543704,cu_0000496 Fleet Farm,10/21/2020,1,Print,null
675039,543704,cu_0000496 Fleet Farm,10/21/2020,1,Print,null
675138,543704,cu_0000496 Fleet Farm,10/21/2020,1,Print,null
675139,543704,cu_0000496 Fleet Farm,10/21/2020,1,Print,null
675238,543704,cu_0000496 Fleet Farm,10/21/2020,1,Print,null
675239,543704,cu_0000496 Fleet Farm,10/21/2020,1,Print,null
675338,543704,cu_0000496 Fleet Farm,10/21/2020,1,Print,null
675339,543704,cu_0000496 Fleet Farm,10/21/2020,1,Print,null
675348,543737,cu_0000679 Valassis Communications Inc. : VCI - Orscheln Farm & Home,10/21/2020,1,Print,null
675349,543417,cu_0000408 Valassis Communications Inc. : VCI - Aetna,10/21/2020,1,Print,null
675538,543615,cu_0000545 XLR8 Media Inc. : Canadian Tire Retail / Touche,10/21/2020,1,Print,null
675539,543704,cu_0000496 Fleet Farm,10/21/2020,1,Print,null
675638,543407,cu_0000359 Valassis Communications Inc. : VCI - Unilever,10/21/2020,1,Print,null
675639,543737,cu_0000679 Valassis Communications Inc. : VCI - Orscheln Farm & Home,10/21/2020,1,Print,null
675648,543423,cu_0000437 Horizon Media : Wind Creek,10/21/2020,1,Print,null
675738,543369,cu_0000479 OMG NA - PHD USA : Oatly,10/21/2020,1,Print,null
675739,543593,cu_0000435 Valassis Communications Inc. : VCI - Family Farm & Home,10/21/2020,1,Print,null
675748,543410,cu_0000373 Horizon Media : Dignity Health,10/21/2020,1,Print,null
675838,543369,cu_0000479 OMG NA - PHD USA : Oatly,10/21/2020,1,Print,null
675839,543369,cu_0000479 OMG NA - PHD USA : Oatly,10/21/2020,1,Print,null
675848,544179,cu_0000779 XLR8 Media Inc. : INTACT,10/21/2020,1,Print,null
675938,543369,cu_0000479 OMG NA - PHD USA : Oatly,10/21/2020,1,Print,null
675939,543369,cu_0000479 OMG NA - PHD USA : Oatly,10/21/2020,1,Print,null
675948,543417,cu_0000408 Valassis Communications Inc. : VCI - Aetna,10/21/2020,1,Print,null
675949,543119,cu_0000120 Bed Bath & Beyond Canada,10/21/2020,1,Print,null
676038,543293,cu_0000191 XLR8 Media Inc. : Le Groupe Jean-Coutu Inc.,10/21/2020,1,Print,null
676039,543407,cu_0000359 Valassis Communications Inc. : VCI - Unilever,10/21/2020,1,Print,null
676048,543270,cu_0000335 Dell; Inc -,10/21/2020,1,Print,null
676138,543375,cu_0000508 Valassis Communications Inc. : VCI - KFC,10/21/2020,1,Print,null
676139,543704,cu_0000496 Fleet Farm,10/21/2020,1,Print,null
676838,543157,cu_0000235 Staples,10/21/2020,1,Print,null
676839,543157,cu_0000235 Staples,10/21/2020,1,Print,null
676848,543157,cu_0000235 Staples,10/21/2020,1,Print,null
676849,543157,cu_0000235 Staples,10/21/2020,1,Print,null
676938,543157,cu_0000235 Staples,10/21/2020,1,Print,null
676939,543157,cu_0000235 Staples,10/21/2020,1,Print,null
676948,543157,cu_0000235 Staples,10/21/2020,1,Print,null
676949,543157,cu_0000235 Staples,10/21/2020,1,Print,null
676958,543157,cu_0000235 Staples,10/21/2020,1,Print,null
676959,543157,cu_0000235 Staples,10/21/2020,1,Print,null
677038,543157,cu_0000235 Staples,10/21/2020,1,Print,null
677039,543157,cu_0000235 Staples,10/21/2020,1,Print,null
677048,543157,cu_0000235 Staples,10/21/2020,1,Print,null
677049,543157,cu_0000235 Staples,10/21/2020,1,Print,null
677138,543157,cu_0000235 Staples,10/21/2020,1,Print,null
677139,543157,cu_0000235 Staples,10/21/2020,1,Print,null
677238,543157,cu_0000235 Staples,10/21/2020,1,Print,null
677239,543157,cu_0000235 Staples,10/21/2020,1,Print,null
677248,543157,cu_0000235 Staples,10/21/2020,1,Print,null
677249,543157,cu_0000235 Staples,10/21/2020,1,Print,null
677338,543157,cu_0000235 Staples,10/21/2020,1,Print,null
677339,543157,cu_0000235 Staples,10/21/2020,1,Print,null
677348,543157,cu_0000235 Staples,10/21/2020,1,Print,null
677349,543157,cu_0000235 Staples,10/21/2020,1,Print,null
677358,543157,cu_0000235 Staples,10/21/2020,1,Print,null
677359,543157,cu_0000235 Staples,10/21/2020,1,Print,null
677438,543157,cu_0000235 Staples,10/21/2020,1,Print,null
677439,543157,cu_0000235 Staples,10/21/2020,1,Print,null
677448,543157,cu_0000235 Staples,10/21/2020,1,Print,null
677449,543157,cu_0000235 Staples,10/21/2020,1,Print,null
677538,543157,cu_0000235 Staples,10/21/2020,1,Print,null
677539,543157,cu_0000235 Staples,10/21/2020,1,Print,null
677548,543157,cu_0000235 Staples,10/21/2020,1,Print,null
677549,543157,cu_0000235 Staples,10/21/2020,1,Print,null
677638,543157,cu_0000235 Staples,10/21/2020,1,Print,null
677639,543157,cu_0000235 Staples,10/21/2020,1,Print,null
677648,543157,cu_0000235 Staples,10/21/2020,1,Print,null
677649,543157,cu_0000235 Staples,10/21/2020,1,Print,null
677738,543157,cu_0000235 Staples,10/21/2020,1,Print,null
677739,543157,cu_0000235 Staples,10/21/2020,1,Print,null
678038,543417,cu_0000408 Valassis Communications Inc. : VCI - Aetna,10/21/2020,1,Print,null
678138,543417,cu_0000408 Valassis Communications Inc. : VCI - Aetna,10/21/2020,1,Print,null
678238,543598,cu_0000460 Valassis Communications Inc. : VCI - Pizza Hut,10/21/2020,1,Print,null
678338,543417,cu_0000408 Valassis Communications Inc. : VCI - Aetna,10/21/2020,1,Print,null
678339,543417,cu_0000408 Valassis Communications Inc. : VCI - Aetna,10/21/2020,1,Print,null
678738,543623,cu_0000591 Walgreen Co.,10/21/2020,1,Print,null
678739,543623,cu_0000591 Walgreen Co.,10/21/2020,1,Print,null
678748,543623,cu_0000591 Walgreen Co.,10/21/2020,1,Print,null
678749,543623,cu_0000591 Walgreen Co.,10/21/2020,1,Print,null
678838,543623,cu_0000591 Walgreen Co.,10/21/2020,1,Print,null
678839,543623,cu_0000591 Walgreen Co.,10/21/2020,1,Print,null
678848,543623,cu_0000591 Walgreen Co.,10/21/2020,1,Print,null
678849,543623,cu_0000591 Walgreen Co.,10/21/2020,1,Print,null
678858,543417,cu_0000408 Valassis Communications Inc. : VCI - Aetna,10/21/2020,1,Print,null
678859,543417,cu_0000408 Valassis Communications Inc. : VCI - Aetna,10/21/2020,1,Print,null
678868,543417,cu_0000408 Valassis Communications Inc. : VCI - Aetna,10/21/2020,1,Print,null
678869,543417,cu_0000408 Valassis Communications Inc. : VCI - Aetna,10/21/2020,1,Print,null
678878,543417,cu_0000408 Valassis Communications Inc. : VCI - Aetna,10/21/2020,1,Print,null
678879,543417,cu_0000408 Valassis Communications Inc. : VCI - Aetna,10/21/2020,1,Print,null
678888,543417,cu_0000408 Valassis Communications Inc. : VCI - Aetna,10/21/2020,1,Print,null
678889,543417,cu_0000408 Valassis Communications Inc. : VCI - Aetna,10/21/2020,1,Print,null
678898,543417,cu_0000408 Valassis Communications Inc. : VCI - Aetna,10/21/2020,1,Print,null
678899,543417,cu_0000408 Valassis Communications Inc. : VCI - Aetna,10/21/2020,1,Print,null
678908,543417,cu_0000408 Valassis Communications Inc. : VCI - Aetna,10/21/2020,1,Print,null
678909,543417,cu_0000408 Valassis Communications Inc. : VCI - Aetna,10/21/2020,1,Print,null
678938,543623,cu_0000591 Walgreen Co.,10/21/2020,1,Print,null
678939,543623,cu_0000591 Walgreen Co.,10/21/2020,1,Print,null
678948,543623,cu_0000591 Walgreen Co.,10/21/2020,1,Print,null
678949,543623,cu_0000591 Walgreen Co.,10/21/2020,1,Print,null
678958,543417,cu_0000408 Valassis Communications Inc. : VCI - Aetna,10/21/2020,1,Print,null
678959,543417,cu_0000408 Valassis Communications Inc. : VCI - Aetna,10/21/2020,1,Print,null
678968,543417,cu_0000408 Valassis Communications Inc. : VCI - Aetna,10/21/2020,1,Print,null
678969,543417,cu_0000408 Valassis Communications Inc. : VCI - Aetna,10/21/2020,1,Print,null
678978,543417,cu_0000408 Valassis Communications Inc. : VCI - Aetna,10/21/2020,1,Print,null
678979,543417,cu_0000408 Valassis Communications Inc. : VCI - Aetna,10/21/2020,1,Print,null
678988,543417,cu_0000408 Valassis Communications Inc. : VCI - Aetna,10/21/2020,1,Print,null
678989,543417,cu_0000408 Valassis Communications Inc. : VCI - Aetna,10/21/2020,1,Print,null
678998,543417,cu_0000408 Valassis Communications Inc. : VCI - Aetna,10/21/2020,1,Print,null
678999,543417,cu_0000408 Valassis Communications Inc. : VCI - Aetna,10/21/2020,1,Print,null
679008,543417,cu_0000408 Valassis Communications Inc. : VCI - Aetna,10/21/2020,1,Print,null
679009,543417,cu_0000408 Valassis Communications Inc. : VCI - Aetna,10/21/2020,1,Print,null
679018,543417,cu_0000408 Valassis Communications Inc. : VCI - Aetna,10/21/2020,1,Print,null
679019,543417,cu_0000408 Valassis Communications Inc. : VCI - Aetna,10/21/2020,1,Print,null
679028,543417,cu_0000408 Valassis Communications Inc. : VCI - Aetna,10/21/2020,1,Print,null
679029,543417,cu_0000408 Valassis Communications Inc. : VCI - Aetna,10/21/2020,1,Print,null
679038,543623,cu_0000591 Walgreen Co.,10/21/2020,1,Print,null
679039,543623,cu_0000591 Walgreen Co.,10/21/2020,1,Print,null
679048,543623,cu_0000591 Walgreen Co.,10/21/2020,1,Print,null
679049,543623,cu_0000591 Walgreen Co.,10/21/2020,1,Print,null
679058,543417,cu_0000408 Valassis Communications Inc. : VCI - Aetna,10/21/2020,1,Print,null
679059,543417,cu_0000408 Valassis Communications Inc. : VCI - Aetna,10/21/2020,1,Print,null
679068,543417,cu_0000408 Valassis Communications Inc. : VCI - Aetna,10/21/2020,1,Print,null
679069,543417,cu_0000408 Valassis Communications Inc. : VCI - Aetna,10/21/2020,1,Print,null
679078,543417,cu_0000408 Valassis Communications Inc. : VCI - Aetna,10/21/2020,1,Print,null
679079,543417,cu_0000408 Valassis Communications Inc. : VCI - Aetna,10/21/2020,1,Print,null
679088,543417,cu_0000408 Valassis Communications Inc. : VCI - Aetna,10/21/2020,1,Print,null
679089,543417,cu_0000408 Valassis Communications Inc. : VCI - Aetna,10/21/2020,1,Print,null
679098,543417,cu_0000408 Valassis Communications Inc. : VCI - Aetna,10/21/2020,1,Print,null
679099,543417,cu_0000408 Valassis Communications Inc. : VCI - Aetna,10/21/2020,1,Print,null
679108,543417,cu_0000408 Valassis Communications Inc. : VCI - Aetna,10/21/2020,1,Print,null
679109,543417,cu_0000408 Valassis Communications Inc. : VCI - Aetna,10/21/2020,1,Print,null
679118,543417,cu_0000408 Valassis Communications Inc. : VCI - Aetna,10/21/2020,1,Print,null
679119,543417,cu_0000408 Valassis Communications Inc. : VCI - Aetna,10/21/2020,1,Print,null
679128,543417,cu_0000408 Valassis Communications Inc. : VCI - Aetna,10/21/2020,1,Print,null
679129,543417,cu_0000408 Valassis Communications Inc. : VCI - Aetna,10/21/2020,1,Print,null
679238,543623,cu_0000591 Walgreen Co.,10/21/2020,1,Print,null
679239,543623,cu_0000591 Walgreen Co.,10/21/2020,1,Print,null
679248,543623,cu_0000591 Walgreen Co.,10/21/2020,1,Print,null
679249,543623,cu_0000591 Walgreen Co.,10/21/2020,1,Print,null
679258,543417,cu_0000408 Valassis Communications Inc. : VCI - Aetna,10/21/2020,1,Print,null
679259,543417,cu_0000408 Valassis Communications Inc. : VCI - Aetna,10/21/2020,1,Print,null
679268,543417,cu_0000408 Valassis Communications Inc. : VCI - Aetna,10/21/2020,1,Print,null
679269,543417,cu_0000408 Valassis Communications Inc. : VCI - Aetna,10/21/2020,1,Print,null
679278,543417,cu_0000408 Valassis Communications Inc. : VCI - Aetna,10/21/2020,1,Print,null
679279,543417,cu_0000408 Valassis Communications Inc. : VCI - Aetna,10/21/2020,1,Print,null
679288,543417,cu_0000408 Valassis Communications Inc. : VCI - Aetna,10/21/2020,1,Print,null
679289,543417,cu_0000408 Valassis Communications Inc. : VCI - Aetna,10/21/2020,1,Print,null
679298,543417,cu_0000408 Valassis Communications Inc. : VCI - Aetna,10/21/2020,1,Print,null
679299,543417,cu_0000408 Valassis Communications Inc. : VCI - Aetna,10/21/2020,1,Print,null
679308,543417,cu_0000408 Valassis Communications Inc. : VCI - Aetna,10/21/2020,1,Print,null
679309,543417,cu_0000408 Valassis Communications Inc. : VCI - Aetna,10/21/2020,1,Print,null
679318,543417,cu_0000408 Valassis Communications Inc. : VCI - Aetna,10/21/2020,1,Print,null
679319,543417,cu_0000408 Valassis Communications Inc. : VCI - Aetna,10/21/2020,1,Print,null
679328,543417,cu_0000408 Valassis Communications Inc. : VCI - Aetna,10/21/2020,1,Print,null
679329,543417,cu_0000408 Valassis Communications Inc. : VCI - Aetna,10/21/2020,1,Print,null
679338,543623,cu_0000591 Walgreen Co.,10/21/2020,1,Print,null
679339,543623,cu_0000591 Walgreen Co.,10/21/2020,1,Print,null
679348,543623,cu_0000591 Walgreen Co.,10/21/2020,1,Print,null
679349,543623,cu_0000591 Walgreen Co.,10/21/2020,1,Print,null
679358,543417,cu_0000408 Valassis Communications Inc. : VCI - Aetna,10/21/2020,1,Print,null
679359,543417,cu_0000408 Valassis Communications Inc. : VCI - Aetna,10/21/2020,1,Print,null
679368,543417,cu_0000408 Valassis Communications Inc. : VCI - Aetna,10/21/2020,1,Print,null
679369,543417,cu_0000408 Valassis Communications Inc. : VCI - Aetna,10/21/2020,1,Print,null
679378,543417,cu_0000408 Valassis Communications Inc. : VCI - Aetna,10/21/2020,1,Print,null
679379,543417,cu_0000408 Valassis Communications Inc. : VCI - Aetna,10/21/2020,1,Print,null
679438,543623,cu_0000591 Walgreen Co.,10/21/2020,1,Print,null
679439,543623,cu_0000591 Walgreen Co.,10/21/2020,1,Print,null
679448,543623,cu_0000591 Walgreen Co.,10/21/2020,1,Print,null
679449,543704,cu_0000496 Fleet Farm,10/21/2020,1,Print,null
679458,543417,cu_0000408 Valassis Communications Inc. : VCI - Aetna,10/21/2020,1,Print,null
679459,543417,cu_0000408 Valassis Communications Inc. : VCI - Aetna,10/21/2020,1,Print,null
679468,543417,cu_0000408 Valassis Communications Inc. : VCI - Aetna,10/21/2020,1,Print,null
679469,543417,cu_0000408 Valassis Communications Inc. : VCI - Aetna,10/21/2020,1,Print,null
679478,543417,cu_0000408 Valassis Communications Inc. : VCI - Aetna,10/21/2020,1,Print,null
679479,543417,cu_0000408 Valassis Communications Inc. : VCI - Aetna,10/21/2020,1,Print,null
679488,543417,cu_0000408 Valassis Communications Inc. : VCI - Aetna,10/21/2020,1,Print,null
679538,543623,cu_0000591 Walgreen Co.,10/21/2020,1,Print,null
679539,543623,cu_0000591 Walgreen Co.,10/21/2020,1,Print,null
679548,543087,cu_0000069 Valassis Communications Inc. : VCI - Arby's,10/21/2020,1,Print,null
679549,543234,cu_0000211 Valassis Communications Inc. : VCI - Lowe's Supermarkets,10/21/2020,1,Print,null
679558,543417,cu_0000408 Valassis Communications Inc. : VCI - Aetna,10/21/2020,1,Print,null
679559,543417,cu_0000408 Valassis Communications Inc. : VCI - Aetna,10/21/2020,1,Print,null
679568,543417,cu_0000408 Valassis Communications Inc. : VCI - Aetna,10/21/2020,1,Print,null
679569,543417,cu_0000408 Valassis Communications Inc. : VCI - Aetna,10/21/2020,1,Print,null
679578,543417,cu_0000408 Valassis Communications Inc. : VCI - Aetna,10/21/2020,1,Print,null
679579,543417,cu_0000408 Valassis Communications Inc. : VCI - Aetna,10/21/2020,1,Print,null
679588,543417,cu_0000408 Valassis Communications Inc. : VCI - Aetna,10/21/2020,1,Print,null
679589,543417,cu_0000408 Valassis Communications Inc. : VCI - Aetna,10/21/2020,1,Print,null
679598,543417,cu_0000408 Valassis Communications Inc. : VCI - Aetna,10/21/2020,1,Print,null
679599,543417,cu_0000408 Valassis Communications Inc. : VCI - Aetna,10/21/2020,1,Print,null
679608,543417,cu_0000408 Valassis Communications Inc. : VCI - Aetna,10/21/2020,1,Print,null
679609,543417,cu_0000408 Valassis Communications Inc. : VCI - Aetna,10/21/2020,1,Print,null
679618,543417,cu_0000408 Valassis Communications Inc. : VCI - Aetna,10/21/2020,1,Print,null
679619,543417,cu_0000408 Valassis Communications Inc. : VCI - Aetna,10/21/2020,1,Print,null
679628,543417,cu_0000408 Valassis Communications Inc. : VCI - Aetna,10/21/2020,1,Print,null
679629,543417,cu_0000408 Valassis Communications Inc. : VCI - Aetna,10/21/2020,1,Print,null
679638,543087,cu_0000069 Valassis Communications Inc. : VCI - Arby's,10/21/2020,1,Print,null
679639,543087,cu_0000069 Valassis Communications Inc. : VCI - Arby's,10/21/2020,1,Print,null
679648,543417,cu_0000408 Valassis Communications Inc. : VCI - Aetna,10/21/2020,1,Print,null
679649,543417,cu_0000408 Valassis Communications Inc. : VCI - Aetna,10/21/2020,1,Print,null
679658,543417,cu_0000408 Valassis Communications Inc. : VCI - Aetna,10/21/2020,1,Print,null
679659,543417,cu_0000408 Valassis Communications Inc. : VCI - Aetna,10/21/2020,1,Print,null
679668,543417,cu_0000408 Valassis Communications Inc. : VCI - Aetna,10/21/2020,1,Print,null
679669,543417,cu_0000408 Valassis Communications Inc. : VCI - Aetna,10/21/2020,1,Print,null
679678,543417,cu_0000408 Valassis Communications Inc. : VCI - Aetna,10/21/2020,1,Print,null
679679,543417,cu_0000408 Valassis Communications Inc. : VCI - Aetna,10/21/2020,1,Print,null
679688,543417,cu_0000408 Valassis Communications Inc. : VCI - Aetna,10/21/2020,1,Print,null
679689,543417,cu_0000408 Valassis Communications Inc. : VCI - Aetna,10/21/2020,1,Print,null
679698,543417,cu_0000408 Valassis Communications Inc. : VCI - Aetna,10/21/2020,1,Print,null
679699,543417,cu_0000408 Valassis Communications Inc. : VCI - Aetna,10/21/2020,1,Print,null
679708,543417,cu_0000408 Valassis Communications Inc. : VCI - Aetna,10/21/2020,1,Print,null
679709,543417,cu_0000408 Valassis Communications Inc. : VCI - Aetna,10/21/2020,1,Print,null
679718,543417,cu_0000408 Valassis Communications Inc. : VCI - Aetna,10/21/2020,1,Print,null
679719,543417,cu_0000408 Valassis Communications Inc. : VCI - Aetna,10/21/2020,1,Print,null
679728,543417,cu_0000408 Valassis Communications Inc. : VCI - Aetna,10/21/2020,1,Print,null
679729,543417,cu_0000408 Valassis Communications Inc. : VCI - Aetna,10/21/2020,1,Print,null
679738,543234,cu_0000211 Valassis Communications Inc. : VCI - Lowe's Supermarkets,10/21/2020,1,Print,null
679739,543417,cu_0000408 Valassis Communications Inc. : VCI - Aetna,10/21/2020,1,Print,null
679748,543417,cu_0000408 Valassis Communications Inc. : VCI - Aetna,10/21/2020,1,Print,null
679749,543417,cu_0000408 Valassis Communications Inc. : VCI - Aetna,10/21/2020,1,Print,null
679758,543417,cu_0000408 Valassis Communications Inc. : VCI - Aetna,10/21/2020,1,Print,null
679759,543417,cu_0000408 Valassis Communications Inc. : VCI - Aetna,10/21/2020,1,Print,null
679768,543417,cu_0000408 Valassis Communications Inc. : VCI - Aetna,10/21/2020,1,Print,null
679769,543417,cu_0000408 Valassis Communications Inc. : VCI - Aetna,10/21/2020,1,Print,null
679778,543417,cu_0000408 Valassis Communications Inc. : VCI - Aetna,10/21/2020,1,Print,null
679779,543417,cu_0000408 Valassis Communications Inc. : VCI - Aetna,10/21/2020,1,Print,null
679788,543417,cu_0000408 Valassis Communications Inc. : VCI - Aetna,10/21/2020,1,Print,null
679789,543417,cu_0000408 Valassis Communications Inc. : VCI - Aetna,10/21/2020,1,Print,null
679798,543417,cu_0000408 Valassis Communications Inc. : VCI - Aetna,10/21/2020,1,Print,null
679799,543417,cu_0000408 Valassis Communications Inc. : VCI - Aetna,10/21/2020,1,Print,null
679808,543417,cu_0000408 Valassis Communications Inc. : VCI - Aetna,10/21/2020,1,Print,null
679809,543417,cu_0000408 Valassis Communications Inc. : VCI - Aetna,10/21/2020,1,Print,null
679818,543256,cu_0000283 Valassis Communications Inc. : VCI - Giant Eagle,10/21/2020,1,Print,null
679819,543256,cu_0000283 Valassis Communications Inc. : VCI - Giant Eagle,10/21/2020,1,Print,null
679828,543737,cu_0000679 Valassis Communications Inc. : VCI - Orscheln Farm & Home,10/21/2020,1,Print,null
679829,543737,cu_0000679 Valassis Communications Inc. : VCI - Orscheln Farm & Home,10/21/2020,1,Print,null
679838,543417,cu_0000408 Valassis Communications Inc. : VCI - Aetna,10/21/2020,1,Print,null
679839,543417,cu_0000408 Valassis Communications Inc. : VCI - Aetna,10/21/2020,1,Print,null
679848,543417,cu_0000408 Valassis Communications Inc. : VCI - Aetna,10/21/2020,1,Print,null
679849,543417,cu_0000408 Valassis Communications Inc. : VCI - Aetna,10/21/2020,1,Print,null
679858,543417,cu_0000408 Valassis Communications Inc. : VCI - Aetna,10/21/2020,1,Print,null
679859,543417,cu_0000408 Valassis Communications Inc. : VCI - Aetna,10/21/2020,1,Print,null
679868,543417,cu_0000408 Valassis Communications Inc. : VCI - Aetna,10/21/2020,1,Print,null
679869,543417,cu_0000408 Valassis Communications Inc. : VCI - Aetna,10/21/2020,1,Print,null
679878,543417,cu_0000408 Valassis Communications Inc. : VCI - Aetna,10/21/2020,1,Print,null
679879,543417,cu_0000408 Valassis Communications Inc. : VCI - Aetna,10/21/2020,1,Print,null
679888,543417,cu_0000408 Valassis Communications Inc. : VCI - Aetna,10/21/2020,1,Print,null
679889,543417,cu_0000408 Valassis Communications Inc. : VCI - Aetna,10/21/2020,1,Print,null
679898,543737,cu_0000679 Valassis Communications Inc. : VCI - Orscheln Farm & Home,10/21/2020,1,Print,null
679899,543737,cu_0000679 Valassis Communications Inc. : VCI - Orscheln Farm & Home,10/21/2020,1,Print,null
679908,543737,cu_0000679 Valassis Communications Inc. : VCI - Orscheln Farm & Home,10/21/2020,1,Print,null
679909,543737,cu_0000679 Valassis Communications Inc. : VCI - Orscheln Farm & Home,10/21/2020,1,Print,null
679938,543417,cu_0000408 Valassis Communications Inc. : VCI - Aetna,10/21/2020,1,Print,null
679939,543417,cu_0000408 Valassis Communications Inc. : VCI - Aetna,10/21/2020,1,Print,null
679947,543417,cu_0000408 Valassis Communications Inc. : VCI - Aetna,10/21/2020,1,Print,null
679948,543417,cu_0000408 Valassis Communications Inc. : VCI - Aetna,10/21/2020,1,Print,null
679949,543417,cu_0000408 Valassis Communications Inc. : VCI - Aetna,10/21/2020,1,Print,null
679957,543417,cu_0000408 Valassis Communications Inc. : VCI - Aetna,10/21/2020,1,Print,null
679958,543417,cu_0000408 Valassis Communications Inc. : VCI - Aetna,10/21/2020,1,Print,null
679959,543417,cu_0000408 Valassis Communications Inc. : VCI - Aetna,10/21/2020,1,Print,null
679967,543417,cu_0000408 Valassis Communications Inc. : VCI - Aetna,10/21/2020,1,Print,null
679968,543417,cu_0000408 Valassis Communications Inc. : VCI - Aetna,10/21/2020,1,Print,null
679969,543417,cu_0000408 Valassis Communications Inc. : VCI - Aetna,10/21/2020,1,Print,null
679977,543417,cu_0000408 Valassis Communications Inc. : VCI - Aetna,10/21/2020,1,Print,null
679978,543417,cu_0000408 Valassis Communications Inc. : VCI - Aetna,10/21/2020,1,Print,null
679979,543417,cu_0000408 Valassis Communications Inc. : VCI - Aetna,10/21/2020,1,Print,null
679987,543737,cu_0000679 Valassis Communications Inc. : VCI - Orscheln Farm & Home,10/21/2020,1,Print,null
679988,543737,cu_0000679 Valassis Communications Inc. : VCI - Orscheln Farm & Home,10/21/2020,1,Print,null
679989,543737,cu_0000679 Valassis Communications Inc. : VCI - Orscheln Farm & Home,10/21/2020,1,Print,null
679997,543737,cu_0000679 Valassis Communications Inc. : VCI - Orscheln Farm & Home,10/21/2020,1,Print,null
679998,543737,cu_0000679 Valassis Communications Inc. : VCI - Orscheln Farm & Home,10/21/2020,1,Print,null
679999,543737,cu_0000679 Valassis Communications Inc. : VCI - Orscheln Farm & Home,10/21/2020,1,Print,null
680037,543417,cu_0000408 Valassis Communications Inc. : VCI - Aetna,10/21/2020,1,Print,null
680038,543417,cu_0000408 Valassis Communications Inc. : VCI - Aetna,10/21/2020,1,Print,null
680039,543417,cu_0000408 Valassis Communications Inc. : VCI - Aetna,10/21/2020,1,Print,null
680047,543417,cu_0000408 Valassis Communications Inc. : VCI - Aetna,10/21/2020,1,Print,null
680048,543417,cu_0000408 Valassis Communications Inc. : VCI - Aetna,10/21/2020,1,Print,null
680049,543417,cu_0000408 Valassis Communications Inc. : VCI - Aetna,10/21/2020,1,Print,null
680057,543417,cu_0000408 Valassis Communications Inc. : VCI - Aetna,10/21/2020,1,Print,null
680058,543417,cu_0000408 Valassis Communications Inc. : VCI - Aetna,10/21/2020,1,Print,null
680059,543417,cu_0000408 Valassis Communications Inc. : VCI - Aetna,10/21/2020,1,Print,null
680067,543256,cu_0000283 Valassis Communications Inc. : VCI - Giant Eagle,10/21/2020,1,Print,null
680068,543737,cu_0000679 Valassis Communications Inc. : VCI - Orscheln Farm & Home,10/21/2020,1,Print,null
680069,543737,cu_0000679 Valassis Communications Inc. : VCI - Orscheln Farm & Home,10/21/2020,1,Print,null
680077,543737,cu_0000679 Valassis Communications Inc. : VCI - Orscheln Farm & Home,10/21/2020,1,Print,null
680078,543737,cu_0000679 Valassis Communications Inc. : VCI - Orscheln Farm & Home,10/21/2020,1,Print,null
680079,543737,cu_0000679 Valassis Communications Inc. : VCI - Orscheln Farm & Home,10/21/2020,1,Print,null
680087,543737,cu_0000679 Valassis Communications Inc. : VCI - Orscheln Farm & Home,10/21/2020,1,Print,null
680088,543737,cu_0000679 Valassis Communications Inc. : VCI - Orscheln Farm & Home,10/21/2020,1,Print,null
680089,543737,cu_0000679 Valassis Communications Inc. : VCI - Orscheln Farm & Home,10/21/2020,1,Print,null
680137,543417,cu_0000408 Valassis Communications Inc. : VCI - Aetna,10/21/2020,1,Print,null
680138,543417,cu_0000408 Valassis Communications Inc. : VCI - Aetna,10/21/2020,1,Print,null
680237,543417,cu_0000408 Valassis Communications Inc. : VCI - Aetna,10/21/2020,1,Print,null
680238,543417,cu_0000408 Valassis Communications Inc. : VCI - Aetna,10/21/2020,1,Print,null
680239,543417,cu_0000408 Valassis Communications Inc. : VCI - Aetna,10/21/2020,1,Print,null
680337,543417,cu_0000408 Valassis Communications Inc. : VCI - Aetna,10/21/2020,1,Print,null
680338,543417,cu_0000408 Valassis Communications Inc. : VCI - Aetna,10/21/2020,1,Print,null
680339,543417,cu_0000408 Valassis Communications Inc. : VCI - Aetna,10/21/2020,1,Print,null
680347,543737,cu_0000679 Valassis Communications Inc. : VCI - Orscheln Farm & Home,10/21/2020,1,Print,null
680348,543737,cu_0000679 Valassis Communications Inc. : VCI - Orscheln Farm & Home,10/21/2020,1,Print,null
680349,543737,cu_0000679 Valassis Communications Inc. : VCI - Orscheln Farm & Home,10/21/2020,1,Print,null
680357,543737,cu_0000679 Valassis Communications Inc. : VCI - Orscheln Farm & Home,10/21/2020,1,Print,null
680358,543737,cu_0000679 Valassis Communications Inc. : VCI - Orscheln Farm & Home,10/21/2020,1,Print,null
680359,543737,cu_0000679 Valassis Communications Inc. : VCI - Orscheln Farm & Home,10/21/2020,1,Print,null
680437,543417,cu_0000408 Valassis Communications Inc. : VCI - Aetna,10/21/2020,1,Print,null
680438,543417,cu_0000408 Valassis Communications Inc. : VCI - Aetna,10/21/2020,1,Print,null
680439,543417,cu_0000408 Valassis Communications Inc. : VCI - Aetna,10/21/2020,1,Print,null
680447,543737,cu_0000679 Valassis Communications Inc. : VCI - Orscheln Farm & Home,10/21/2020,1,Print,null
680448,543737,cu_0000679 Valassis Communications Inc. : VCI - Orscheln Farm & Home,10/21/2020,1,Print,null
680449,543737,cu_0000679 Valassis Communications Inc. : VCI - Orscheln Farm & Home,10/21/2020,1,Print,null
680457,543737,cu_0000679 Valassis Communications Inc. : VCI - Orscheln Farm & Home,10/21/2020,1,Print,null
680458,543881,cu_0000547 Valassis Communications Inc. : VCI - Papa Murphy's,10/21/2020,1,Print,null
680537,543417,cu_0000408 Valassis Communications Inc. : VCI - Aetna,10/21/2020,1,Print,null
680538,543417,cu_0000408 Valassis Communications Inc. : VCI - Aetna,10/21/2020,1,Print,null
680539,543737,cu_0000679 Valassis Communications Inc. : VCI - Orscheln Farm & Home,10/21/2020,1,Print,null
680547,543737,cu_0000679 Valassis Communications Inc. : VCI - Orscheln Farm & Home,10/21/2020,1,Print,null
680548,543737,cu_0000679 Valassis Communications Inc. : VCI - Orscheln Farm & Home,10/21/2020,1,Print,null
680549,543737,cu_0000679 Valassis Communications Inc. : VCI - Orscheln Farm & Home,10/21/2020,1,Print,null
680557,543737,cu_0000679 Valassis Communications Inc. : VCI - Orscheln Farm & Home,10/21/2020,1,Print,null
680558,543881,cu_0000547 Valassis Communications Inc. : VCI - Papa Murphy's,10/21/2020,1,Print,null
680637,543256,cu_0000283 Valassis Communications Inc. : VCI - Giant Eagle,10/21/2020,1,Print,null
680638,543737,cu_0000679 Valassis Communications Inc. : VCI - Orscheln Farm & Home,10/21/2020,1,Print,null
680639,543737,cu_0000679 Valassis Communications Inc. : VCI - Orscheln Farm & Home,10/21/2020,1,Print,null
680647,543737,cu_0000679 Valassis Communications Inc. : VCI - Orscheln Farm & Home,10/21/2020,1,Print,null
680648,543737,cu_0000679 Valassis Communications Inc. : VCI - Orscheln Farm & Home,10/21/2020,1,Print,null
680649,543737,cu_0000679 Valassis Communications Inc. : VCI - Orscheln Farm & Home,10/21/2020,1,Print,null
680657,543881,cu_0000547 Valassis Communications Inc. : VCI - Papa Murphy's,10/21/2020,1,Print,null
680658,543319,cu_0000271 Wunderman Thompson : Vibra Health,10/21/2020,1,Print,null
680737,543737,cu_0000679 Valassis Communications Inc. : VCI - Orscheln Farm & Home,10/21/2020,1,Print,null
680738,543737,cu_0000679 Valassis Communications Inc. : VCI - Orscheln Farm & Home,10/21/2020,1,Print,null
680739,543737,cu_0000679 Valassis Communications Inc. : VCI - Orscheln Farm & Home,10/21/2020,1,Print,null
680747,543737,cu_0000679 Valassis Communications Inc. : VCI - Orscheln Farm & Home,10/21/2020,1,Print,null
680748,543737,cu_0000679 Valassis Communications Inc. : VCI - Orscheln Farm & Home,10/21/2020,1,Print,null
680749,543737,cu_0000679 Valassis Communications Inc. : VCI - Orscheln Farm & Home,10/21/2020,1,Print,null
680837,543737,cu_0000679 Valassis Communications Inc. : VCI - Orscheln Farm & Home,10/21/2020,1,Print,null
680838,543737,cu_0000679 Valassis Communications Inc. : VCI - Orscheln Farm & Home,10/21/2020,1,Print,null
680839,543737,cu_0000679 Valassis Communications Inc. : VCI - Orscheln Farm & Home,10/21/2020,1,Print,null
681337,543157,cu_0000235 Staples,10/21/2020,1,Print,null
681338,543704,cu_0000496 Fleet Farm,10/21/2020,1,Print,null
681339,543704,cu_0000496 Fleet Farm,10/21/2020,1,Print,null
681437,543157,cu_0000235 Staples,10/21/2020,1,Print,null
681438,543704,cu_0000496 Fleet Farm,10/21/2020,1,Print,null
681439,543704,cu_0000496 Fleet Farm,10/21/2020,1,Print,null
681537,543157,cu_0000235 Staples,10/21/2020,1,Print,null
681538,543704,cu_0000496 Fleet Farm,10/21/2020,1,Print,null
681539,543704,cu_0000496 Fleet Farm,10/21/2020,1,Print,null
681637,543704,cu_0000496 Fleet Farm,10/21/2020,1,Print,null
681638,543704,cu_0000496 Fleet Farm,10/21/2020,1,Print,null
681639,543811,cu_0000705 Valassis Communications Inc. : VCI - Ace Hardware,10/21/2020,1,Print,null
681737,543157,cu_0000235 Staples,10/21/2020,1,Print,null
681738,543704,cu_0000496 Fleet Farm,10/21/2020,1,Print,null
681739,543405,cu_0000352 Staples - Canada,10/21/2020,1,Print,null
681837,543157,cu_0000235 Staples,10/21/2020,1,Print,null
681838,543704,cu_0000496 Fleet Farm,10/21/2020,1,Print,null
681839,543704,cu_0000496 Fleet Farm,10/21/2020,1,Print,null
681937,543704,cu_0000496 Fleet Farm,10/21/2020,1,Print,null
681938,543704,cu_0000496 Fleet Farm,10/21/2020,1,Print,null
681939,543593,cu_0000435 Valassis Communications Inc. : VCI - Family Farm & Home,10/21/2020,1,Print,null
682037,543704,cu_0000496 Fleet Farm,10/21/2020,1,Print,null
682038,543704,cu_0000496 Fleet Farm,10/21/2020,1,Print,null
682137,543704,cu_0000496 Fleet Farm,10/21/2020,1,Print,null
682138,543593,cu_0000435 Valassis Communications Inc. : VCI - Family Farm & Home,10/21/2020,1,Print,null
682237,543704,cu_0000496 Fleet Farm,10/21/2020,1,Print,null
682238,543405,cu_0000352 Staples - Canada,10/21/2020,1,Print,null
682337,543369,cu_0000479 OMG NA - PHD USA : Oatly,10/21/2020,1,Print,null
682338,543369,cu_0000479 OMG NA - PHD USA : Oatly,10/21/2020,1,Print,null
682339,543704,cu_0000496 Fleet Farm,10/21/2020,1,Print,null
682437,543779,cu_0000527 Miracle-Ear; Inc,10/21/2020,1,Print,null
682438,543704,cu_0000496 Fleet Farm,10/21/2020,1,Print,null
682837,543595,cu_0000445 Home Delivery Incontinent Supplies; Inc,10/21/2020,1,Print,null
683037,543599,cu_0000464 OMG NA - OMD USA : Cigna Healthcare,10/21/2020,1,Print,null
683038,543599,cu_0000464 OMG NA - OMD USA : Cigna Healthcare,10/21/2020,1,Print,null
683137,543899,cu_0000652 Valassis Communications Inc. : VCI - Tractor Supply Co.,10/21/2020,1,Print,null
683138,543619,cu_0000568 Nexus Formulas LLC,10/21/2020,1,Print,null
683237,543157,cu_0000235 Staples,10/21/2020,1,Print,null
683238,543157,cu_0000235 Staples,10/21/2020,1,Print,null
683239,543157,cu_0000235 Staples,10/21/2020,1,Print,null
683247,543157,cu_0000235 Staples,10/21/2020,1,Print,null
683248,543157,cu_0000235 Staples,10/21/2020,1,Print,null
683249,543157,cu_0000235 Staples,10/21/2020,1,Print,null
683337,543157,cu_0000235 Staples,10/21/2020,1,Print,null
683338,543157,cu_0000235 Staples,10/21/2020,1,Print,null
683339,543157,cu_0000235 Staples,10/21/2020,1,Print,null
683437,543157,cu_0000235 Staples,10/21/2020,1,Print,null
683637,543498,cu_0000443 Holiday Retirement,10/21/2020,1,Print,null
683638,543270,cu_0000335 Dell; Inc -,10/21/2020,1,Print,null
683639,543270,cu_0000335 Dell; Inc -,10/21/2020,1,Print,null
683737,543210,cu_0000144 White Star Media Inc / Ross Simons-Luca+Danni,10/21/2020,1,Print,null
683738,543599,cu_0000464 OMG NA - OMD USA : Cigna Healthcare,10/21/2020,1,Print,null
683739,543261,cu_0000301 Christmas Tree Shops; Inc.,10/21/2020,1,Print,null
683837,543737,cu_0000679 Valassis Communications Inc. : VCI - Orscheln Farm & Home,10/21/2020,1,Print,null
683838,543737,cu_0000679 Valassis Communications Inc. : VCI - Orscheln Farm & Home,10/21/2020,1,Print,null
683937,543737,cu_0000679 Valassis Communications Inc. : VCI - Orscheln Farm & Home,10/21/2020,1,Print,null
683938,543737,cu_0000679 Valassis Communications Inc. : VCI - Orscheln Farm & Home,10/21/2020,1,Print,null
684437,543157,cu_0000235 Staples,10/21/2020,1,Print,null
684438,543157,cu_0000235 Staples,10/21/2020,1,Print,null
684439,543157,cu_0000235 Staples,10/21/2020,1,Print,null
684637,543157,cu_0000235 Staples,10/21/2020,1,Print,null
684638,543157,cu_0000235 Staples,10/21/2020,1,Print,null
684639,543157,cu_0000235 Staples,10/21/2020,1,Print,null
684647,543157,cu_0000235 Staples,10/21/2020,1,Print,null
684648,543157,cu_0000235 Staples,10/21/2020,1,Print,null
684737,543157,cu_0000235 Staples,10/21/2020,1,Print,null
684738,543157,cu_0000235 Staples,10/21/2020,1,Print,null
684739,543157,cu_0000235 Staples,10/21/2020,1,Print,null
685137,543270,cu_0000335 Dell; Inc -,10/21/2020,1,Print,null
685138,543270,cu_0000335 Dell; Inc -,10/21/2020,1,Print,null
685139,543270,cu_0000335 Dell; Inc -,10/21/2020,1,Print,null
685237,543444,cu_0000546 XLR8 Media (US) : Tourisme Montreal - US $,10/21/2020,1,Print,null
685238,543444,cu_0000546 XLR8 Media (US) : Tourisme Montreal - US $,10/21/2020,1,Print,null
685337,543444,cu_0000546 XLR8 Media (US) : Tourisme Montreal - US $,10/21/2020,1,Print,null
685338,543444,cu_0000546 XLR8 Media (US) : Tourisme Montreal - US $,10/21/2020,1,Print,null
686137,543270,cu_0000335 Dell; Inc -,10/21/2020,1,Print,null
686138,543405,cu_0000352 Staples - Canada,10/21/2020,1,Print,null
686237,543270,cu_0000335 Dell; Inc -,10/21/2020,1,Print,null
686637,543498,cu_0000443 Holiday Retirement,10/21/2020,1,Print,null
686638,543498,cu_0000443 Holiday Retirement,10/21/2020,1,Print,null
686639,543498,cu_0000443 Holiday Retirement,10/21/2020,1,Print,null
686737,543498,cu_0000443 Holiday Retirement,10/21/2020,1,Print,null
686738,543161,cu_0000251 Porter Novelli : Federal Communications Commission,10/21/2020,1,Print,null
686739,543498,cu_0000443 Holiday Retirement,10/21/2020,1,Print,null
686837,543157,cu_0000235 Staples,10/21/2020,1,Print,null
687037,543498,cu_0000443 Holiday Retirement,10/21/2020,1,Print,null
