Record ID, Client ID, Client Name, Date, Buying System, Buying System Name, (Client Contract)Prop Required
713536,543891,cu_0000605 PetSmart,10/22/2020,2,OOH,null
740336,543284,cu_0000165 OMG NA - OMD Canada : McDonald's Canada,10/22/2020,2,OOH,null
740436,543532,cu_0000668 Omnicom Media Group : Rogers Communications,10/22/2020,2,OOH,null
740546,543461,cu_0000648 XLR8 Media Inc. : Societe Radio Canada,10/22/2020,2,OOH,null
740856,543532,cu_0000668 Omnicom Media Group : Rogers Communications,10/22/2020,2,OOH,null
740936,543532,cu_0000668 Omnicom Media Group : Rogers Communications,10/22/2020,2,OOH,null
741636,543715,cu_0000553 XLR8 Media Inc. : belairdirect,10/22/2020,2,OOH,null
742136,543715,cu_0000553 XLR8 Media Inc. : belairdirect,10/22/2020,2,OOH,null
742446,543505,cu_0000483 OMG NA - OMD Canada : Pepsi Cola Canada,10/22/2020,2,OOH,null
742546,543505,cu_0000483 OMG NA - OMD Canada : Pepsi Cola Canada,10/22/2020,2,OOH,null
743046,543715,cu_0000553 XLR8 Media Inc. : belairdirect,10/22/2020,2,OOH,null
743136,543461,cu_0000648 XLR8 Media Inc. : Societe Radio Canada,10/22/2020,2,OOH,null
743236,543461,cu_0000648 XLR8 Media Inc. : Societe Radio Canada,10/22/2020,2,OOH,null
743246,543918,cu_0000778 XLR8 Media Inc. : Metro Inc.,10/22/2020,2,OOH,null
743336,543532,cu_0000668 Omnicom Media Group : Rogers Communications,10/22/2020,2,OOH,null
743536,543532,cu_0000668 Omnicom Media Group : Rogers Communications,10/22/2020,2,OOH,null
743546,543700,cu_0000477 OMG NA - OMD Canada : OMD/Nissan Canada Inc.,10/22/2020,2,OOH,null
743736,543532,cu_0000668 Omnicom Media Group : Rogers Communications,10/22/2020,2,OOH,null
743936,543621,cu_0000579 XLR8 Media Inc. : Cogeco,10/22/2020,2,OOH,null
744136,543461,cu_0000648 XLR8 Media Inc. : Societe Radio Canada,10/22/2020,2,OOH,null
744336,543505,cu_0000483 OMG NA - OMD Canada : Pepsi Cola Canada,10/22/2020,2,OOH,null
744436,543408,cu_0000364 OMG NA - OMD Canada : Flight Centre Canada,10/22/2020,2,OOH,null
