Record ID, Client ID, Client Name, Date, Buying System, Buying System Name, (Client Contract)Prop Required
713539,543507,cu_0000495 Axiom Impressions LLC : Southern States Cooperative,10/22/2020,2,OOH,null
713739,543507,cu_0000495 Axiom Impressions LLC : Southern States Cooperative,10/22/2020,2,OOH,null
713839,543498,cu_0000443 Holiday Retirement,10/22/2020,2,OOH,null
714939,543314,cu_0000252 Ansira Partners LLC : Wendy's,10/22/2020,2,OOH,null
717439,543237,cu_0000220 American Signature; Inc.,10/22/2020,2,OOH,null
723239,543532,cu_0000668 Omnicom Media Group : Rogers Communications,10/22/2020,2,OOH,null
726419,543284,cu_0000165 OMG NA - OMD Canada : McDonald's Canada,10/22/2020,2,OOH,null
726439,543700,cu_0000477 OMG NA - OMD Canada : OMD/Nissan Canada Inc.,10/22/2020,2,OOH,null
727139,543284,cu_0000165 OMG NA - OMD Canada : McDonald's Canada,10/22/2020,2,OOH,null
727439,543700,cu_0000477 OMG NA - OMD Canada : OMD/Nissan Canada Inc.,10/22/2020,2,OOH,null
727739,543532,cu_0000668 Omnicom Media Group : Rogers Communications,10/22/2020,2,OOH,null
727839,543532,cu_0000668 Omnicom Media Group : Rogers Communications,10/22/2020,2,OOH,null
727939,543461,cu_0000648 XLR8 Media Inc. : Societe Radio Canada,10/22/2020,2,OOH,null
728139,543284,cu_0000165 OMG NA - OMD Canada : McDonald's Canada,10/22/2020,2,OOH,null
728539,543091,cu_0000073 APX Exchange; : Brown-Forman Corporation,10/22/2020,2,OOH,null
728939,543353,cu_0000405 XLR8 Media Inc. : Enercare Inc.,10/22/2020,2,OOH,null
729039,543306,cu_0000227 XLR8 Media Inc. : Mark's Work Wearhouse,10/22/2020,2,OOH,null
729139,543532,cu_0000668 Omnicom Media Group : Rogers Communications,10/22/2020,2,OOH,null
729439,543284,cu_0000165 OMG NA - OMD Canada : McDonald's Canada,10/22/2020,2,OOH,null
729639,543164,cu_0000265 APX Exchange; : Parmalat Canada,10/22/2020,2,OOH,null
729939,543532,cu_0000668 Omnicom Media Group : Rogers Communications,10/22/2020,2,OOH,null
730139,543818,cu_0000747 OMG NA - PHD Canada : Grolsch Canada Inc dba Asahi Canada,10/22/2020,2,OOH,null
730339,544179,cu_0000779 XLR8 Media Inc. : INTACT,10/22/2020,2,OOH,null
730439,543461,cu_0000648 XLR8 Media Inc. : Societe Radio Canada,10/22/2020,2,OOH,null
730539,543532,cu_0000668 Omnicom Media Group : Rogers Communications,10/22/2020,2,OOH,null
730839,543284,cu_0000165 OMG NA - OMD Canada : McDonald's Canada,10/22/2020,2,OOH,null
730939,543088,cu_0000070 OMG NA - PHD Canada : Scotia Bank,10/22/2020,2,OOH,null
731039,543715,cu_0000553 XLR8 Media Inc. : belairdirect,10/22/2020,2,OOH,null
731239,543715,cu_0000553 XLR8 Media Inc. : belairdirect,10/22/2020,2,OOH,null
731339,543918,cu_0000778 XLR8 Media Inc. : Metro Inc.,10/22/2020,2,OOH,null
731439,543532,cu_0000668 Omnicom Media Group : Rogers Communications,10/22/2020,2,OOH,null
731539,543266,cu_0000320 Epitaph Group Inc. : Sysco Canada Inc.,10/22/2020,2,OOH,null
731639,543532,cu_0000668 Omnicom Media Group : Rogers Communications,10/22/2020,2,OOH,null
731839,543641,cu_0000692 XLR8 Media Inc. : McMahon Distributeur Pharmaceutique Inc.,10/22/2020,2,OOH,null
731939,543391,cu_0000298 OMG NA - OMD Canada : Warner Bros.- CA,10/22/2020,2,OOH,null
732039,543088,cu_0000070 OMG NA - PHD Canada : Scotia Bank,10/22/2020,2,OOH,null
732139,543088,cu_0000070 OMG NA - PHD Canada : Scotia Bank,10/22/2020,2,OOH,null
732539,543715,cu_0000553 XLR8 Media Inc. : belairdirect,10/22/2020,2,OOH,null
732639,543532,cu_0000668 Omnicom Media Group : Rogers Communications,10/22/2020,2,OOH,null
732839,543505,cu_0000483 OMG NA - OMD Canada : Pepsi Cola Canada,10/22/2020,2,OOH,null
732939,543532,cu_0000668 Omnicom Media Group : Rogers Communications,10/22/2020,2,OOH,null
733139,543284,cu_0000165 OMG NA - OMD Canada : McDonald's Canada,10/22/2020,2,OOH,null
733239,543532,cu_0000668 Omnicom Media Group : Rogers Communications,10/22/2020,2,OOH,null
733439,544078,cu_0000757 XLR8 Media Inc. : FGL Sports,10/22/2020,2,OOH,null
733539,543700,cu_0000477 OMG NA - OMD Canada : OMD/Nissan Canada Inc.,10/22/2020,2,OOH,null
733839,543284,cu_0000165 OMG NA - OMD Canada : McDonald's Canada,10/22/2020,2,OOH,null
733939,543265,cu_0000316 XLR8 Media Inc. : Desjardins,10/22/2020,2,OOH,null
734139,543461,cu_0000648 XLR8 Media Inc. : Societe Radio Canada,10/22/2020,2,OOH,null
734339,543532,cu_0000668 Omnicom Media Group : Rogers Communications,10/22/2020,2,OOH,null
734539,543461,cu_0000648 XLR8 Media Inc. : Societe Radio Canada,10/22/2020,2,OOH,null
734639,543284,cu_0000165 OMG NA - OMD Canada : McDonald's Canada,10/22/2020,2,OOH,null
734649,543284,cu_0000165 OMG NA - OMD Canada : McDonald's Canada,10/22/2020,2,OOH,null
734739,543284,cu_0000165 OMG NA - OMD Canada : McDonald's Canada,10/22/2020,2,OOH,null
734939,543532,cu_0000668 Omnicom Media Group : Rogers Communications,10/22/2020,2,OOH,null
735039,543284,cu_0000165 OMG NA - OMD Canada : McDonald's Canada,10/22/2020,2,OOH,null
735139,543284,cu_0000165 OMG NA - OMD Canada : McDonald's Canada,10/22/2020,2,OOH,null
735639,543532,cu_0000668 Omnicom Media Group : Rogers Communications,10/22/2020,2,OOH,null
735739,543532,cu_0000668 Omnicom Media Group : Rogers Communications,10/22/2020,2,OOH,null
735749,543532,cu_0000668 Omnicom Media Group : Rogers Communications,10/22/2020,2,OOH,null
735839,543284,cu_0000165 OMG NA - OMD Canada : McDonald's Canada,10/22/2020,2,OOH,null
735849,543532,cu_0000668 Omnicom Media Group : Rogers Communications,10/22/2020,2,OOH,null
735859,543461,cu_0000648 XLR8 Media Inc. : Societe Radio Canada,10/22/2020,2,OOH,null
736039,543284,cu_0000165 OMG NA - OMD Canada : McDonald's Canada,10/22/2020,2,OOH,null
736239,543284,cu_0000165 OMG NA - OMD Canada : McDonald's Canada,10/22/2020,2,OOH,null
736439,543284,cu_0000165 OMG NA - OMD Canada : McDonald's Canada,10/22/2020,2,OOH,null
736739,543284,cu_0000165 OMG NA - OMD Canada : McDonald's Canada,10/22/2020,2,OOH,null
736939,543284,cu_0000165 OMG NA - OMD Canada : McDonald's Canada,10/22/2020,2,OOH,null
737139,543461,cu_0000648 XLR8 Media Inc. : Societe Radio Canada,10/22/2020,2,OOH,null
737339,543715,cu_0000553 XLR8 Media Inc. : belairdirect,10/22/2020,2,OOH,null
737639,543284,cu_0000165 OMG NA - OMD Canada : McDonald's Canada,10/22/2020,2,OOH,null
737739,543505,cu_0000483 OMG NA - OMD Canada : Pepsi Cola Canada,10/22/2020,2,OOH,null
738339,543882,cu_0000554 OMG NA - OMD Canada : PetSmart Canada OOH,10/22/2020,2,OOH,null
738539,543461,cu_0000648 XLR8 Media Inc. : Societe Radio Canada,10/22/2020,2,OOH,null
738739,543336,cu_0000334 OMG NA - PHD Canada : Google Canada Corp.,10/22/2020,2,OOH,null
739039,543532,cu_0000668 Omnicom Media Group : Rogers Communications,10/22/2020,2,OOH,null
739139,543715,cu_0000553 XLR8 Media Inc. : belairdirect,10/22/2020,2,OOH,null
739149,543532,cu_0000668 Omnicom Media Group : Rogers Communications,10/22/2020,2,OOH,null
739339,543284,cu_0000165 OMG NA - OMD Canada : McDonald's Canada,10/22/2020,2,OOH,null
739739,543882,cu_0000554 OMG NA - OMD Canada : PetSmart Canada OOH,10/22/2020,2,OOH,null
739749,543461,cu_0000648 XLR8 Media Inc. : Societe Radio Canada,10/22/2020,2,OOH,null
739839,543621,cu_0000579 XLR8 Media Inc. : Cogeco,10/22/2020,2,OOH,null
740039,543715,cu_0000553 XLR8 Media Inc. : belairdirect,10/22/2020,2,OOH,null
740239,543404,cu_0000348 APX Exchange; : The TJX Companies; Inc,10/22/2020,2,OOH,null
740249,543461,cu_0000648 XLR8 Media Inc. : Societe Radio Canada,10/22/2020,2,OOH,null
740339,543918,cu_0000778 XLR8 Media Inc. : Metro Inc.,10/22/2020,2,OOH,null
740439,543532,cu_0000668 Omnicom Media Group : Rogers Communications,10/22/2020,2,OOH,null
740539,543343,cu_0000360 OMG NA - PHD Canada : Bytheowner Inc. (Purplebricks),10/22/2020,2,OOH,null
740639,543461,cu_0000648 XLR8 Media Inc. : Societe Radio Canada,10/22/2020,2,OOH,null
740839,543532,cu_0000668 Omnicom Media Group : Rogers Communications,10/22/2020,2,OOH,null
740849,543137,cu_0000167 Wavemaker Canada ULC : Huawei Technology Co. Ltd,10/22/2020,2,OOH,null
740939,543532,cu_0000668 Omnicom Media Group : Rogers Communications,10/22/2020,2,OOH,null
741139,543918,cu_0000778 XLR8 Media Inc. : Metro Inc.,10/22/2020,2,OOH,null
741149,543532,cu_0000668 Omnicom Media Group : Rogers Communications,10/22/2020,2,OOH,null
741339,543532,cu_0000668 Omnicom Media Group : Rogers Communications,10/22/2020,2,OOH,null
741349,543461,cu_0000648 XLR8 Media Inc. : Societe Radio Canada,10/22/2020,2,OOH,null
741359,543532,cu_0000668 Omnicom Media Group : Rogers Communications,10/22/2020,2,OOH,null
741639,543532,cu_0000668 Omnicom Media Group : Rogers Communications,10/22/2020,2,OOH,null
741939,543461,cu_0000648 XLR8 Media Inc. : Societe Radio Canada,10/22/2020,2,OOH,null
742139,543715,cu_0000553 XLR8 Media Inc. : belairdirect,10/22/2020,2,OOH,null
742149,543628,cu_0000620 APX Exchange; : Linkedin,10/22/2020,2,OOH,null
742439,544078,cu_0000757 XLR8 Media Inc. : FGL Sports,10/22/2020,2,OOH,null
742449,543306,cu_0000227 XLR8 Media Inc. : Mark's Work Wearhouse,10/22/2020,2,OOH,null
742539,543437,cu_0000506 XLR8 Media Inc. : Agropur,10/22/2020,2,OOH,null
742749,543717,cu_0000564 XLR8 Media Inc. : AM-CAM Electromenagers Inc.,10/22/2020,2,OOH,null
742839,543532,cu_0000668 Omnicom Media Group : Rogers Communications,10/22/2020,2,OOH,null
742849,543353,cu_0000405 XLR8 Media Inc. : Enercare Inc.,10/22/2020,2,OOH,null
743039,543461,cu_0000648 XLR8 Media Inc. : Societe Radio Canada,10/22/2020,2,OOH,null
743049,543628,cu_0000620 APX Exchange; : Linkedin,10/22/2020,2,OOH,null
743139,543293,cu_0000191 XLR8 Media Inc. : Le Groupe Jean-Coutu Inc.,10/22/2020,2,OOH,null
743239,543628,cu_0000620 APX Exchange; : Linkedin,10/22/2020,2,OOH,null
743249,543532,cu_0000668 Omnicom Media Group : Rogers Communications,10/22/2020,2,OOH,null
743339,543532,cu_0000668 Omnicom Media Group : Rogers Communications,10/22/2020,2,OOH,null
743539,543532,cu_0000668 Omnicom Media Group : Rogers Communications,10/22/2020,2,OOH,null
743549,543621,cu_0000579 XLR8 Media Inc. : Cogeco,10/22/2020,2,OOH,null
743939,543532,cu_0000668 Omnicom Media Group : Rogers Communications,10/22/2020,2,OOH,null
744039,543461,cu_0000648 XLR8 Media Inc. : Societe Radio Canada,10/22/2020,2,OOH,null
744239,543461,cu_0000648 XLR8 Media Inc. : Societe Radio Canada,10/22/2020,2,OOH,null
744339,543461,cu_0000648 XLR8 Media Inc. : Societe Radio Canada,10/22/2020,2,OOH,null
744439,543408,cu_0000364 OMG NA - OMD Canada : Flight Centre Canada,10/22/2020,2,OOH,null
