Record ID, Client ID, Client Name, Date, Buying System, Buying System Name, (Client Contract)Prop Required
712436,543891,cu_0000605 PetSmart,10/22/2020,2,OOH,null
712836,543891,cu_0000605 PetSmart,10/22/2020,2,OOH,null
712936,543891,cu_0000605 PetSmart,10/22/2020,2,OOH,null
713536,543891,cu_0000605 PetSmart,10/22/2020,2,OOH,null
713636,543891,cu_0000605 PetSmart,10/22/2020,2,OOH,null
729736,543284,cu_0000165 OMG NA - OMD Canada : McDonald's Canada,10/22/2020,2,OOH,null
729836,543284,cu_0000165 OMG NA - OMD Canada : McDonald's Canada,10/22/2020,2,OOH,null
729936,543532,cu_0000668 Omnicom Media Group : Rogers Communications,10/22/2020,2,OOH,null
730036,543532,cu_0000668 Omnicom Media Group : Rogers Communications,10/22/2020,2,OOH,null
730136,543532,cu_0000668 Omnicom Media Group : Rogers Communications,10/22/2020,2,OOH,null
730236,543918,cu_0000778 XLR8 Media Inc. : Metro Inc.,10/22/2020,2,OOH,null
730336,544179,cu_0000779 XLR8 Media Inc. : INTACT,10/22/2020,2,OOH,null
730436,544179,cu_0000779 XLR8 Media Inc. : INTACT,10/22/2020,2,OOH,null
730636,543532,cu_0000668 Omnicom Media Group : Rogers Communications,10/22/2020,2,OOH,null
730836,543505,cu_0000483 OMG NA - OMD Canada : Pepsi Cola Canada,10/22/2020,2,OOH,null
730936,543461,cu_0000648 XLR8 Media Inc. : Societe Radio Canada,10/22/2020,2,OOH,null
731036,543715,cu_0000553 XLR8 Media Inc. : belairdirect,10/22/2020,2,OOH,null
731136,544078,cu_0000757 XLR8 Media Inc. : FGL Sports,10/22/2020,2,OOH,null
731236,543532,cu_0000668 Omnicom Media Group : Rogers Communications,10/22/2020,2,OOH,null
731336,544078,cu_0000757 XLR8 Media Inc. : FGL Sports,10/22/2020,2,OOH,null
731346,543532,cu_0000668 Omnicom Media Group : Rogers Communications,10/22/2020,2,OOH,null
731436,543532,cu_0000668 Omnicom Media Group : Rogers Communications,10/22/2020,2,OOH,null
731536,543532,cu_0000668 Omnicom Media Group : Rogers Communications,10/22/2020,2,OOH,null
731546,543641,cu_0000692 XLR8 Media Inc. : McMahon Distributeur Pharmaceutique Inc.,10/22/2020,2,OOH,null
731636,543532,cu_0000668 Omnicom Media Group : Rogers Communications,10/22/2020,2,OOH,null
731836,543532,cu_0000668 Omnicom Media Group : Rogers Communications,10/22/2020,2,OOH,null
731936,543266,cu_0000320 Epitaph Group Inc. : Sysco Canada Inc.,10/22/2020,2,OOH,null
732036,543391,cu_0000298 OMG NA - OMD Canada : Warner Bros.- CA,10/22/2020,2,OOH,null
732136,543088,cu_0000070 OMG NA - PHD Canada : Scotia Bank,10/22/2020,2,OOH,null
732546,544078,cu_0000757 XLR8 Media Inc. : FGL Sports,10/22/2020,2,OOH,null
732636,543715,cu_0000553 XLR8 Media Inc. : belairdirect,10/22/2020,2,OOH,null
732646,543918,cu_0000778 XLR8 Media Inc. : Metro Inc.,10/22/2020,2,OOH,null
733236,543284,cu_0000165 OMG NA - OMD Canada : McDonald's Canada,10/22/2020,2,OOH,null
733336,543265,cu_0000316 XLR8 Media Inc. : Desjardins,10/22/2020,2,OOH,null
733436,544078,cu_0000757 XLR8 Media Inc. : FGL Sports,10/22/2020,2,OOH,null
733536,543356,cu_0000419 XLR8 Media Inc. : H & R Block,10/22/2020,2,OOH,null
733836,543356,cu_0000419 XLR8 Media Inc. : H & R Block,10/22/2020,2,OOH,null
733936,543356,cu_0000419 XLR8 Media Inc. : H & R Block,10/22/2020,2,OOH,null
734036,543700,cu_0000477 OMG NA - OMD Canada : OMD/Nissan Canada Inc.,10/22/2020,2,OOH,null
734136,543461,cu_0000648 XLR8 Media Inc. : Societe Radio Canada,10/22/2020,2,OOH,null
734336,543284,cu_0000165 OMG NA - OMD Canada : McDonald's Canada,10/22/2020,2,OOH,null
734436,543461,cu_0000648 XLR8 Media Inc. : Societe Radio Canada,10/22/2020,2,OOH,null
734536,543461,cu_0000648 XLR8 Media Inc. : Societe Radio Canada,10/22/2020,2,OOH,null
734636,543284,cu_0000165 OMG NA - OMD Canada : McDonald's Canada,10/22/2020,2,OOH,null
734736,543265,cu_0000316 XLR8 Media Inc. : Desjardins,10/22/2020,2,OOH,null
734936,543461,cu_0000648 XLR8 Media Inc. : Societe Radio Canada,10/22/2020,2,OOH,null
735036,543284,cu_0000165 OMG NA - OMD Canada : McDonald's Canada,10/22/2020,2,OOH,null
735136,543284,cu_0000165 OMG NA - OMD Canada : McDonald's Canada,10/22/2020,2,OOH,null
735436,543284,cu_0000165 OMG NA - OMD Canada : McDonald's Canada,10/22/2020,2,OOH,null
735536,543532,cu_0000668 Omnicom Media Group : Rogers Communications,10/22/2020,2,OOH,null
735636,543621,cu_0000579 XLR8 Media Inc. : Cogeco,10/22/2020,2,OOH,null
735736,543284,cu_0000165 OMG NA - OMD Canada : McDonald's Canada,10/22/2020,2,OOH,null
735746,543700,cu_0000477 OMG NA - OMD Canada : OMD/Nissan Canada Inc.,10/22/2020,2,OOH,null
735836,543532,cu_0000668 Omnicom Media Group : Rogers Communications,10/22/2020,2,OOH,null
735846,543532,cu_0000668 Omnicom Media Group : Rogers Communications,10/22/2020,2,OOH,null
735856,543284,cu_0000165 OMG NA - OMD Canada : McDonald's Canada,10/22/2020,2,OOH,null
735936,543284,cu_0000165 OMG NA - OMD Canada : McDonald's Canada,10/22/2020,2,OOH,null
736036,543284,cu_0000165 OMG NA - OMD Canada : McDonald's Canada,10/22/2020,2,OOH,null
736136,543284,cu_0000165 OMG NA - OMD Canada : McDonald's Canada,10/22/2020,2,OOH,null
736236,543532,cu_0000668 Omnicom Media Group : Rogers Communications,10/22/2020,2,OOH,null
736246,543284,cu_0000165 OMG NA - OMD Canada : McDonald's Canada,10/22/2020,2,OOH,null
736436,543700,cu_0000477 OMG NA - OMD Canada : OMD/Nissan Canada Inc.,10/22/2020,2,OOH,null
736536,543532,cu_0000668 Omnicom Media Group : Rogers Communications,10/22/2020,2,OOH,null
736636,543532,cu_0000668 Omnicom Media Group : Rogers Communications,10/22/2020,2,OOH,null
736736,543918,cu_0000778 XLR8 Media Inc. : Metro Inc.,10/22/2020,2,OOH,null
736936,543461,cu_0000648 XLR8 Media Inc. : Societe Radio Canada,10/22/2020,2,OOH,null
737236,543284,cu_0000165 OMG NA - OMD Canada : McDonald's Canada,10/22/2020,2,OOH,null
737336,543284,cu_0000165 OMG NA - OMD Canada : McDonald's Canada,10/22/2020,2,OOH,null
737636,543715,cu_0000553 XLR8 Media Inc. : belairdirect,10/22/2020,2,OOH,null
737646,543284,cu_0000165 OMG NA - OMD Canada : McDonald's Canada,10/22/2020,2,OOH,null
737736,543505,cu_0000483 OMG NA - OMD Canada : Pepsi Cola Canada,10/22/2020,2,OOH,null
737836,543715,cu_0000553 XLR8 Media Inc. : belairdirect,10/22/2020,2,OOH,null
737936,543715,cu_0000553 XLR8 Media Inc. : belairdirect,10/22/2020,2,OOH,null
738236,543284,cu_0000165 OMG NA - OMD Canada : McDonald's Canada,10/22/2020,2,OOH,null
738336,543284,cu_0000165 OMG NA - OMD Canada : McDonald's Canada,10/22/2020,2,OOH,null
738346,543918,cu_0000778 XLR8 Media Inc. : Metro Inc.,10/22/2020,2,OOH,null
738436,543532,cu_0000668 Omnicom Media Group : Rogers Communications,10/22/2020,2,OOH,null
738636,543461,cu_0000648 XLR8 Media Inc. : Societe Radio Canada,10/22/2020,2,OOH,null
738646,543356,cu_0000419 XLR8 Media Inc. : H & R Block,10/22/2020,2,OOH,null
738736,543700,cu_0000477 OMG NA - OMD Canada : OMD/Nissan Canada Inc.,10/22/2020,2,OOH,null
738746,543715,cu_0000553 XLR8 Media Inc. : belairdirect,10/22/2020,2,OOH,null
738836,543532,cu_0000668 Omnicom Media Group : Rogers Communications,10/22/2020,2,OOH,null
739036,543532,cu_0000668 Omnicom Media Group : Rogers Communications,10/22/2020,2,OOH,null
739136,543461,cu_0000648 XLR8 Media Inc. : Societe Radio Canada,10/22/2020,2,OOH,null
739146,543284,cu_0000165 OMG NA - OMD Canada : McDonald's Canada,10/22/2020,2,OOH,null
739336,543882,cu_0000554 OMG NA - OMD Canada : PetSmart Canada OOH,10/22/2020,2,OOH,null
739536,543284,cu_0000165 OMG NA - OMD Canada : McDonald's Canada,10/22/2020,2,OOH,null
739736,543532,cu_0000668 Omnicom Media Group : Rogers Communications,10/22/2020,2,OOH,null
739746,543918,cu_0000778 XLR8 Media Inc. : Metro Inc.,10/22/2020,2,OOH,null
739836,543284,cu_0000165 OMG NA - OMD Canada : McDonald's Canada,10/22/2020,2,OOH,null
739846,543715,cu_0000553 XLR8 Media Inc. : belairdirect,10/22/2020,2,OOH,null
739936,543461,cu_0000648 XLR8 Media Inc. : Societe Radio Canada,10/22/2020,2,OOH,null
740036,543715,cu_0000553 XLR8 Media Inc. : belairdirect,10/22/2020,2,OOH,null
740136,543343,cu_0000360 OMG NA - PHD Canada : Bytheowner Inc. (Purplebricks),10/22/2020,2,OOH,null
740236,543284,cu_0000165 OMG NA - OMD Canada : McDonald's Canada,10/22/2020,2,OOH,null
740246,543532,cu_0000668 Omnicom Media Group : Rogers Communications,10/22/2020,2,OOH,null
740336,543284,cu_0000165 OMG NA - OMD Canada : McDonald's Canada,10/22/2020,2,OOH,null
740436,543532,cu_0000668 Omnicom Media Group : Rogers Communications,10/22/2020,2,OOH,null
740536,543339,cu_0000345 XLR8 Media Inc. : Producteurs de Lait du Québec,10/22/2020,2,OOH,null
740546,543461,cu_0000648 XLR8 Media Inc. : Societe Radio Canada,10/22/2020,2,OOH,null
740636,543532,cu_0000668 Omnicom Media Group : Rogers Communications,10/22/2020,2,OOH,null
740836,543621,cu_0000579 XLR8 Media Inc. : Cogeco,10/22/2020,2,OOH,null
740846,543343,cu_0000360 OMG NA - PHD Canada : Bytheowner Inc. (Purplebricks),10/22/2020,2,OOH,null
740856,543532,cu_0000668 Omnicom Media Group : Rogers Communications,10/22/2020,2,OOH,null
740936,543532,cu_0000668 Omnicom Media Group : Rogers Communications,10/22/2020,2,OOH,null
740946,543343,cu_0000360 OMG NA - PHD Canada : Bytheowner Inc. (Purplebricks),10/22/2020,2,OOH,null
741036,543918,cu_0000778 XLR8 Media Inc. : Metro Inc.,10/22/2020,2,OOH,null
741136,543343,cu_0000360 OMG NA - PHD Canada : Bytheowner Inc. (Purplebricks),10/22/2020,2,OOH,null
741146,543715,cu_0000553 XLR8 Media Inc. : belairdirect,10/22/2020,2,OOH,null
741336,543532,cu_0000668 Omnicom Media Group : Rogers Communications,10/22/2020,2,OOH,null
741346,543715,cu_0000553 XLR8 Media Inc. : belairdirect,10/22/2020,2,OOH,null
741356,543461,cu_0000648 XLR8 Media Inc. : Societe Radio Canada,10/22/2020,2,OOH,null
741636,543715,cu_0000553 XLR8 Media Inc. : belairdirect,10/22/2020,2,OOH,null
741736,543532,cu_0000668 Omnicom Media Group : Rogers Communications,10/22/2020,2,OOH,null
741926,543532,cu_0000668 Omnicom Media Group : Rogers Communications,10/22/2020,2,OOH,null
741936,543461,cu_0000648 XLR8 Media Inc. : Societe Radio Canada,10/22/2020,2,OOH,null
742036,543715,cu_0000553 XLR8 Media Inc. : belairdirect,10/22/2020,2,OOH,null
742136,543715,cu_0000553 XLR8 Media Inc. : belairdirect,10/22/2020,2,OOH,null
742146,543700,cu_0000477 OMG NA - OMD Canada : OMD/Nissan Canada Inc.,10/22/2020,2,OOH,null
742236,543461,cu_0000648 XLR8 Media Inc. : Societe Radio Canada,10/22/2020,2,OOH,null
742376,543532,cu_0000668 Omnicom Media Group : Rogers Communications,10/22/2020,2,OOH,null
742436,543700,cu_0000477 OMG NA - OMD Canada : OMD/Nissan Canada Inc.,10/22/2020,2,OOH,null
742446,543505,cu_0000483 OMG NA - OMD Canada : Pepsi Cola Canada,10/22/2020,2,OOH,null
742456,543532,cu_0000668 Omnicom Media Group : Rogers Communications,10/22/2020,2,OOH,null
742536,543437,cu_0000506 XLR8 Media Inc. : Agropur,10/22/2020,2,OOH,null
742546,543505,cu_0000483 OMG NA - OMD Canada : Pepsi Cola Canada,10/22/2020,2,OOH,null
742736,543532,cu_0000668 Omnicom Media Group : Rogers Communications,10/22/2020,2,OOH,null
742746,543306,cu_0000227 XLR8 Media Inc. : Mark's Work Wearhouse,10/22/2020,2,OOH,null
742836,543505,cu_0000483 OMG NA - OMD Canada : Pepsi Cola Canada,10/22/2020,2,OOH,null
742846,543532,cu_0000668 Omnicom Media Group : Rogers Communications,10/22/2020,2,OOH,null
742856,543353,cu_0000405 XLR8 Media Inc. : Enercare Inc.,10/22/2020,2,OOH,null
743036,543353,cu_0000405 XLR8 Media Inc. : Enercare Inc.,10/22/2020,2,OOH,null
743046,543715,cu_0000553 XLR8 Media Inc. : belairdirect,10/22/2020,2,OOH,null
743136,543461,cu_0000648 XLR8 Media Inc. : Societe Radio Canada,10/22/2020,2,OOH,null
743236,543461,cu_0000648 XLR8 Media Inc. : Societe Radio Canada,10/22/2020,2,OOH,null
743246,543918,cu_0000778 XLR8 Media Inc. : Metro Inc.,10/22/2020,2,OOH,null
743336,543532,cu_0000668 Omnicom Media Group : Rogers Communications,10/22/2020,2,OOH,null
743536,543532,cu_0000668 Omnicom Media Group : Rogers Communications,10/22/2020,2,OOH,null
743546,543700,cu_0000477 OMG NA - OMD Canada : OMD/Nissan Canada Inc.,10/22/2020,2,OOH,null
743736,543532,cu_0000668 Omnicom Media Group : Rogers Communications,10/22/2020,2,OOH,null
743936,543621,cu_0000579 XLR8 Media Inc. : Cogeco,10/22/2020,2,OOH,null
744036,543532,cu_0000668 Omnicom Media Group : Rogers Communications,10/22/2020,2,OOH,null
744136,543461,cu_0000648 XLR8 Media Inc. : Societe Radio Canada,10/22/2020,2,OOH,null
744236,543461,cu_0000648 XLR8 Media Inc. : Societe Radio Canada,10/22/2020,2,OOH,null
744246,543532,cu_0000668 Omnicom Media Group : Rogers Communications,10/22/2020,2,OOH,null
744336,543505,cu_0000483 OMG NA - OMD Canada : Pepsi Cola Canada,10/22/2020,2,OOH,null
744436,543408,cu_0000364 OMG NA - OMD Canada : Flight Centre Canada,10/22/2020,2,OOH,null
